Pattern,Explanation,Example Sentence,Example Translation,Additional Notes,Pitfalls
名詞＋に対して,表示「對照、對應、針對」兩者性質的差異。<br><br>🧠 文法解析：<br><ul><li><div><b> 活発[かっぱつ]な 兄[あに]に</b></div><ul><li><div><b> 活発[かっぱつ]</b>：な形容詞，「活發」。</div></li><li><div><b> 兄[あに]</b>：名詞，「哥哥」。</div></li></ul></li><li><div><b> 對[たい]して、</b></div><ul><li><div><b> 對[たい]して</b>：與助詞「に」連用，表示對比或對象。</div></li></ul></li><li><div><b> 弟[おとうと]は</b></div><ul><li><div><b> 弟[おとうと]</b>：名詞，「弟弟」。</div></li><li><div><b>は</b>：提示助詞，設定話題。</div></li></ul></li><li><div><b> おとなしい 性格[せいかく]です。</b></div><ul><li><div><b> おとなしい</b>：い形容詞，「溫順的、文靜的」。</div></li><li><div><b> 性格[せいかく]</b>：名詞，「性格」。</div></li><li><div><b>です</b>：禮貌體結尾。</div></li></ul></ul>,活発[かっぱつ]な兄[あに]に対して、弟[おとうと]は おとなしい性格[せいかく]です。,相對於活潑的哥哥，弟弟的個性很溫順。<br><br>🧾 單字速記：<br><ul><li><b> 活発[かっぱつ]</b>：活潑</li><li><b> 兄[あに]</b>：哥哥</li><li><b> 弟[おとうと]</b>：弟弟</li><li><b> おとなしい</b>：溫順的</li><li><b> 性格[せいかく]</b>：性格</li></ul>,常用於描寫性格、立場等對比。<br><br>📝 語感補充：<br><ul><li><b>相似文法對比</b><ul><li><b>Aに 對[たい]してB</b>：強調A與B之間的對稱或對比。</li><li><b>Aに 比[くら]べてB</b>：強調兩者之間程度的比較。</li></ul></li><li><b>使用場景</b>：常用於描述兩個人、兩件事物之間截然不同的特點。</li></ul>,❌ 誤用助詞：× にたいしで
句子＋のに対して,用來對比前後兩個完整句子。<br><br>🧠 文法解析：<br><ul><li><div><b> 姉[あね]は</b></div><ul><li><div><b> 姉[あね]</b>：名詞，「姊姊」。</div></li><li><div><b> 背[せ]が 高[たか]い</b></div><ul><li><div><b> 背[せ]</b>：名詞，「個子、身高」。</div></li><li><div><b> 高[たか]い</b>：い形容詞，「高的」。</div></li></ul></li><li><div><b> のに 對[たい]して、</b></div><ul><li><div><b>の</b>：形式名詞，將前面的句子名詞化。</div></li><li><div><b>に 對[たい]して</b>：表示對比。</div></li></ul></li><li><div><b> 妹[いもうと]は</b></div><ul><li><div><b> 妹[いもうと]</b>：名詞，「妹妹」。</div></li></ul></li><li><div><b> 背[せ]が 低[ひく]いです。</b></div><ul><li><div><b> 低[ひく]い</b>：い形容詞，「矮的、低的」。</div></li></ul></li></ul>,姉[あね]は 背[せ]が 高[たか]い のに対して、妹[いもうと]は 背[せ]が 低[ひく]いです。,相對於姊姊個子高，妹妹矮矮的。<br><br>🧾 單字速記：<br><ul><li><b> 姉[あね]</b>：姊姊</li><li><b> 妹[いもうと]</b>：妹妹</li><li><b> 背[せ]</b>：身高</li><li><b> 高[たか]い</b>：高</li><li><b> 低[ひく]い</b>：矮</li></ul>,「のに対して」前面接完整句子時需使用「の」轉換。<br><br>📝 語感補充：<br><ul><li><b>文法結構</b>：當對比的是兩個「狀態」或「動作」時，需要使用形式名詞「の」來衔接。</li><li><b>使用場景</b>：常用於對比家族成員、國家特徵、季節差異等。</li></ul>,❌ 遺漏「の」：× 背が高いに対して（語法錯）
句子＋のに対して,對照不同立場、意見。<br><br>🧠 文法解析：<br><ul><li><div><b> 夫[おっと]廣</b></div><ul><li><div><b> 夫[おっと]</b>：名詞，「丈夫」。</div></li><li><div><b>が</b>：格助詞，標示句子中的主體。</div></li></ul></li><li><div><b> 自民党[じみんとう]を</b></div><ul><li><div><b> 自民党[じみんとう]</b>：名詞，「自民黨」。</div></li></ul></li><li><div><b> 支持[しじ]している</b></div><ul><li><div><b> 支持[しじ]する</b>：動詞，「支持」。</div></li><li><div><b>〜ている</b>：表示狀態的持續。</div></li></ul></li><li><div><b> のに 對[たい]して、</b></div><ul><li><div><b>の</b>：名詞化。</div></li><li><div><b>に 對[たい]して</b>：表示對照。</div></li></ul></li><li><div><b> 妻[つま]は</b></div><ul><li><div><b> 妻[つま]</b>：名詞，「妻子」。</div></li></ul></li><li><div><b> 民主党[み民主党]を</b></div><ul><li><div><b> 民主党[みんしゅとう]</b>：名詞，「民主黨」。</div></li></ul></li><li><div><b> 支持[しじ]している。</b></div><ul><li><div><b> 支持[しじ]している</b>：持續支持著。</div></li></ul></li></ul><br><br>📘 動詞補充（以「  支持[しじ]する」為例 → <b>サ變動詞</b>）<br><table><tbody><tr><td>變化</td><td>動詞普通形</td><td>說明</td></tr><tr><td>肯定（現在・未來）</td><td> 支持[しじ]する</td><td>支持</td></tr><tr><td>否定</td><td> 支持[しじ]しない</td><td>不支持</td></tr><tr><td>過去</td><td> 支持[しじ]した</td><td>支持了</td></tr><tr><td>過去否定</td><td> 支持[しじ]しなかった</td><td>沒支持過</td></tr><tr><td><b>て形</b></td><td><b> 支持[しじ]して</b></td><td><b>支持（後） (本句使用 支持している 表示狀態)</b></td></tr><tr><td>意向形</td><td> 支持[しじ]しよう</td><td>支持吧</td></tr></tbody></table>,夫[おっと]廣 自民党[じみんとう]を 支持[しじ]している のに対して、妻[つま]は 民主党[みんしゅとう]を 支持[しじ]している。,老公支持自民黨，老婆卻支持民主黨。<br><br>🧾 單字速記：<br><ul><li><b> 夫[おっと]</b>：丈夫</li><li><b> 妻[つま]</b>：妻子</li><li><b> 支持[しじ]する</b>：支持</li><li><b> 政党[せいとう]</b>：政黨</li></ul>,常見於家庭、政治、性格、偏好等相對立的情況。<br><br>📝 語感補充：<br><ul><li><b>對稱性</b>：在「のに対して」的前後，通常會使用結構相似的句子來加強對比感（例如本句皆使用「〜を支持している」）。</li><li><b>使用場景</b>：討論社會議題、民意調查結果或描述不同人群的行為差異。</li></ul>,❌ 誤認為因果關係句（實為對照）
名詞＋に対して,表示針對某人或某事採取行動／態度／感情。<br><br>🧠 文法解析：<br><ul><li><div><b> あの 事件[じけん]に</b></div><ul><li><div><b> あの</b>：連體詞，「那個」。</div></li><li><div><b> 事件[じけん]</b>：名詞，「事件」。</div></li></ul></li><li><div><b> 對[たい]して、</b></div><ul><li><div><b>に 對[たい]して</b>：格助詞與動詞中止形的組合，表示對象。</div></li></ul></li><li><div><b> 関心[かんしん]を</b></div><ul><li><div><b> 関心[かんしん]</b>：名詞，「興趣、關心」。</div></li></ul></li><li><div><b> 持[も]っています。</b></div><ul><li><div><b> 持[も]つ</b>：動詞，「持有」。</div></li><li><div><b>〜ている</b>：表示狀態持續。</div></li></ul></li></ul><br><br>📘 動詞補充（以「  持[も]つ」為例 → <b>五段動詞</b>）<br><table><tbody><tr><td>變化</td><td>動詞普通形</td><td>說明</td></tr><tr><td>肯定（現在・未來）</td><td> 持[も]つ</td><td>持有、拿</td></tr><tr><td>否定</td><td> 持[も]たない</td><td>不持有</td></tr><tr><td>過去</td><td> 持[も]った</td><td>持有了</td></tr><tr><td>過去否定</td><td> 持[も]たなかった</td><td>沒持有過</td></tr><tr><td><b>て形</b></td><td><b> 持[も]って</b></td><td><b>持有（後） (本句使用 持っています 表示狀態)</b></td></tr><tr><td>意向形</td><td> 持[も]とう</td><td>持有吧</td></tr></table>,あの事件[じけん]に対して、関心[かんしん]を 持[も]っています。,我對於那個事件感到有興趣。<br><br>🧾 單字速記：<br><ul><li><b> 事件[じけん]</b>：事件</li><li><b> 関心[かんしん]</b>：興趣、關心</li><li><b> 持[も]つ</b>：持有</li></ul>,用來表示「針對對象有某種情緒、評價、態度」。<br><br>📝 語感補充：<br><ul><li><b>相似文法對比</b><ul><li><b>〜に 對[たい]して</b>：表示將動作、態度、感情指向某對象。</li><li><b>〜について</b>：僅表示「關於」該內容，不一定帶有強烈的動作指向性。</li></ul></li><li><b>使用場景</b>：表示對人、對問題、對社會現象的態度或反應。</li></ul>,❌ 與「〜關於」混淆：「針對對象」更正式、更具動作性。
名詞＋に対して,表示「針對對象進行動作」。<br><br>🧠 文法解析：<br><ul><li><div><b> 質問[しつもん]に</b></div><ul><li><div><b> 質問[しつもん]</b>：名詞，「提問、問題」。</div></li></ul></li><li><div><b> 對[たい]して、</b></div><ul><li><div><b>に 對[たい]して</b>：表示動作指向的對象。</div></li></ul></li><li><div><b> 詳[くわ]しく</b></div><ul><li><div><b> 詳[くわ]しい</b>：い形容詞，「詳細的」。</div></li><li><div><b>く</b>：副詞化，修飾動詞。</div></li></ul></li><li><div><b> 答[こた]えて ください。</b></div><ul><li><div><b> 答[こた]える</b>：動詞，「回答」。</div></li><li><div><b>〜て ください</b>：表示禮貌的請求。</div></li></ul></li></ul><br><br>📘 動詞補充（以「  答[こた]える」為例 → <b>下一段動詞</b>）<br><table><tbody><tr><td>變化</td><td>動詞普通形</td><td>說明</td></tr><tr><td>肯定（現在・未來）</td><td> 答[こた]える</td><td>回答</td></tr><tr><td>否定</td><td> 答[こた]えない</td><td>不回答</td></tr><tr><td>過去</td><td> 答[こた]えた</td><td>回答了</td></tr><tr><td>過去否定</td><td> 答[こた]えなかった</td><td>沒回答過</td></tr><tr><td><b>て形</b></td><td><b> 答[こた]えて</b></td><td><b>回答（後）</b></td></tr><tr><td>意向形</td><td> 答[こた]えよう</td><td>回答吧</td></tr></table>,質問[しつもん]に対して、詳[くわ]しく 答[こた]えてください。,請針對問題詳細回答。<br><br>🧾 單字速記：<br><ul><li><b> 質問[しつもん]</b>：問題</li><li><b> 詳[くわ]しい</b>：詳細的</li><li><b> 答[こた]える</b>：回答</li></ul>,常與「答える」「意見を言う」「反応する」等動詞搭配。<br><br>📝 語感補充：<br><ul><li><b>動作指向性</b>：這裡的「に対して」強調的是「答える」這個動作的明確目標是那個「質問」。</li><li><b>使用場景</b>：在課堂、會議、公務處理等需要針對特定內容作回應的場合。</li></ul>,❌ 「に」誤用為「を」：× 質問を答える（應為「に」）
名詞＋に対して,表示給予對象某種待遇或支援。<br><br>🧠 文法解析：<br><ul><li><div><b> この 大学[だいがく]では、</b></div><ul><li><div><b> 大学[だいがく]</b>：名詞，「大學」。</div></li><li><div><b>では</b>：表示動作發生的場所範圍。</div></li></ul></li><li><div><b> 海外[かいがい]の</b></div><ul><li><div><b> 海外[かいがい]</b>：名詞，「海外」。</div></li></ul></li><li><div><b> 協定校[きょうていこう]に</b></div><ul><li><div><b> 協定校[きょうていこう]</b>：名詞，「姊妹校、協定校」。</div></li><li><div><b>に</b>：表示移動的目的地。</div></li></ul></li><li><div><b> 交換留学[こうかんりゅうがく]する 人[ひと]に</b></div><ul><li><div><b> 交換留学[こうかんりゅうがく]</b>：名詞，「交換留學」。</div></li><li><div><b>する</b>：動詞。</div></li><li><div><b> 人[ひと]</b>：名詞，「人」。</div></li></ul></li><li><div><b> 對[たい]して、</b></div><ul><li><div><b>に 對[たい]して</b>：表示接受待遇或行為的對象。</div></li></ul></li><li><div><b> 航空運賃[こうくううんちん]を</b></div><ul><li><div><b> 航空運賃[こうくううんちん]</b>：名詞，「機票費、航空運費」。</div></li><li><div><b>を</b>：格助詞。</div></li></ul></li><li><div><b> 支給[しきゅう]している。</b></div><ul><li><div><b> 支給[しきゅう]する</b>：動詞，「支付、發給」。</div></li></ul></li>li></ul></ul><br><br>📘 動詞補充（以「  支給[しきゅう]する」為例 → <b>サ變動詞</b>）<br><table><tbody><tr><td>變化</td><td>動詞普通形</td><td>說明</td></tr><tr><td>肯定（現在・未來）</td><td> 支給[しきゅう]する</td><td>發給</td></tr><tr><td>否定</td><td> 支給[しきゅう]しない</td><td>不發給</td></tr><tr><td>過去</td><td> 支給[しきゅう]した</td><td>發給了</td></tr><tr><td>過去否定</td><td> 支給[しきゅう]しなかった</td><td>沒發給過</td></tr><tr><td><b>て形</b></td><td><b> 支給[しきゅう]して</b></td><td><b>發給（後）</b></td></tr><tr><td>意向形</td><td> 支給[しきゅう]しよう</td><td>發給吧</td></tr></table>,この大学[だいがく]では、海外[かいがい]の 協定校[きょうていこう]に 交換留学[こうかんりゅうがく]する人に対して、航空運賃[こうくううんちん]を 支給[しきゅう]している。,這間大學會支付要去國外合作學校交換的學生的機票費。<br><br>🧾 單字速記：<br><ul><li><b> 交換留学[こうかんりゅうがく]</b>：交換留學</li><li><b> 航空運賃[こうくううんちん]</b>：機票費</li><li><b> 支給[しきゅう]する</b>：發給、支付</li></ul>,搭配「支給する」「援助する」「説明する」等表示待遇的動詞。<br><br>📝 語感補充：<br><ul><li><b>福利與政策</b>：在法律、規定、合約中，常用來明確定義誰是該項政策或款項的受益者。</li><li><b>使用場景</b>：公文公告、獎學金說明、補助款申領規定。</li></ul>,❌ 重複助詞：「〜にに対して」是錯誤的用法
～に対する（＋名詞）,修飾名詞，表示對象或主題。<br><br>🧠 文法解析：<br><ul><li><div><b> 被害者[ひがいしゃ]に</b></div><ul><li><div><b> 被害者[ひがいしゃ]</b>：名詞，「被害者、受害者」。</div></li></ul></li><li><div><b> 對[たい]する</b></div><ul><li><div><b>に 對[たい]する</b>：與「針對對象」同源，但用於修飾後面的名詞。</div></li></ul></li><li><div><b> 補償[ほしょう] 問題[もんだい]を</b></div><ul><li><div><b> 補償[ほしょう]</b>：名詞，「補償」。</div></li><li><div><b> 問題[もんだい]</b>：名詞，「問題」。</div></li></ul></li><li><div><b> 検討[けんとう]する。</b></div><ul><li><div><b> 検討[けんとう]する</b>：動詞，「討論、檢討、研究」。</div></li></ul></ul><br><br>📘 動詞補充（以「  検討[けんとう]する」為例 → <b>サ變動詞</b>）<br><table><tbody><tr><td>變化</td><td>動詞普通形</td><td>說明</td></tr><tr><td>肯定（現在・未來）</td><td> 検討[けんとう]する</td><td>討論</td></tr><tr><td>否定</td><td> 検討[けんとう]しない</td><td>不討論</td></tr><tr><td>過去</td><td> 検討[けんとう]した</td><td>討論了</td></tr><tr><td>過去否定</td><td> 検討[けんとう]しなかった</td><td>沒討論過</td></tr><tr><td>て形</td><td> 検討[けんとう]して</td><td>討論（後）</td></tr><tr><td>意向形</td><td> 検討[けんとう]しよう</td><td>討論吧</td></tr></table>,被害者[ひがいしゃ]に 対[たい]する 補償[ほしょう]問題[もんだい]を 検討[けんとう]する。,檢討對於被害者的補償問題。<br><br>🧾 單字速記：<br><ul><li><b> 被害者[ひがいしゃ]</b>：被害者</li><li><b> 補償[ほしょう]</b>：補償</li><li><b> 検討[けんとう]する</b>：討論、檢討</li></ul>,「～に対する＋名詞」固定搭配，類似「關於～的...」。<br><br>📝 語感補充：<br><ul><li><b>名詞修飾語</b>：將對象（被害者）與核心主題（補償問題）緊密結合。</li><li><b>使用場景</b>：常用於法律、新聞、社會評論等正式文書。</li></ul>,❌ 和「～について」混淆（語氣不同）
～に対する（＋名詞）,表示被針對的對象。<br><br>🧠 文法解析：<br><ul><li><div><b> 高速[こうそく] 道路[どうろ] 建設[けんせつ]に</b></div><ul><li><div><b> 高速[こうそく] 道路[どうろ]</b>：名詞，「高速公路」。</div></li><li><div><b> 建設[けんせつ]</b>：名詞，「建設」。</div></li></ul></li><li><div><b> 對[たい]する</b></div><ul><li><div><b>に 對[たい]する</b>：修飾後方的「反対運動」。</div></li></ul></li><li><div><b> 地域[ちいき] 住民[じゅうみん]の</b></div><ul><li><div><b> 地域[ちいき]</b>：名詞，「地區」。</div></li><li><div><b> 住民[じゅうみん]</b>：名詞，「居民」。</div></li></ul></li><li><div><b> 反對[はんたい] 運動[うんどう]は</b></div><ul><li><div><b> 反對[はんたい]</b>：名詞，「反對」。</div></li><li><div><b> 運動[うんどう]</b>：名詞，「運動」。</div></li></ul></li><li><div><b> ますます</b></div><ul><li><div><b> ますます</b>：副詞，「越來越...」。</div></li></ul></li><li><div><b> 激化[げきか]している。</b></div><ul><li><div><b> 激化[げきか]する</b>：動詞，「激烈化」。</div></li></ul></ul><br><br>📘 動詞補充（以「  激化[げきか]する」為例 → <b>サ變動詞</b>）<br><table><tbody><tr><td>變化</td><td>動詞普通形</td><td>說明</td></tr><tr><td>肯定（現在・未來）</td><td> 激化[げきか]する</td><td>激烈化</td></tr><tr><td>否定</td><td> 激化[げきか]しない</td><td>不激烈化</td></tr><tr><td>過去</td><td> 激化[げきか]した</td><td>激烈化了</td></tr><tr><td>過去否定</td><td> 激化[げきか]しなかった</td><td>沒激烈化過</td></tr><tr><td><b>て形</b></td><td><b> 激化[げきか]して</b></td><td><b>激烈化（後）</b></td></tr><tr><td>意向形</td><td> 激化[げきか]しよう</td><td>激烈化吧</td></tr></table>,高速[こうそく]道路[どうろ]建設[けんせつ]に 対[たい]する 地域[ちいき]住民[じゅうみん]の 反對[はんたい]運動[うんどう]は ますます 激化[げきか]している。,地方居民對高速公路建設的反對運動越來越激烈。<br><br>🧾 單字速記：<br><ul><li><b> 建設[けんせつ]</b>：建設</li><li><b> 住民[じゅうみん]</b>：居民</li><li><b> 反對[はんたい]</b>：反對</li><li><b> 激化[げきか]する</b>：激烈化</li></ul>,較正式、書面語氣。<br><br>📝 語感補充：<br><ul><li><b>正式度</b>：這個用法比起口語，更多見於新聞標題或深度報導，用來精準定位矛盾或行動的焦點。</li><li><b>使用場景</b>：政治抗爭、社會運動、政策爭議。</li></ul>,❌ 動作主體省略時不明確
～に対しての（＋名詞）,與「に対する」意思相同，但語氣較口語、自然。<br><br>🧠 文法解析：<br><ul><li><div><b> 子供[こども]に</b></div><ul><li><div><b> 子供[こども]</b>：名詞，「孩子」。</div></li></ul></li><li><div><b> 對[たい]しての</b></div><ul><li><div><b>に 對[たい]して</b>：針對對象。</div></li><li><div><b>の</b>：助詞，用於連結名詞「愛情」。</div></li></ul></li><li><div><b> 愛情[あいじょう]は</b></div><ul><li><div><b> 愛情[あいじょう]</b>：名詞，「愛情」。</div></li><li><div><b>は</b>：提示助詞。</div></li></ul></li><li><div><b> 尽[つ]きることがない。</b></div><ul><li><div><b> 尽[つ]きる</b>：動詞，「用盡、枯竭」。</div></li><li><div><b>こと</b>：名詞化。</div></li><li><div><b>ない</b>：沒有。</div></li></ul></li></ul><br><br>📘 動詞補充（以「  尽[つ]きる」為例 → <b>上一段動詞</b>）<br><table><tbody><tr><td>變化</td><td>動詞普通形</td><td>說明</td></tr><tr><td>肯定（現在・未來）</td><td> 尽[つ]きる</td><td>用盡</td></tr><tr><td>否定</td><td> 尽[つ]きない</td><td>不用盡</td></tr><tr><td>過去</td><td> 尽[つ]きた</td><td>用盡了</td></tr><tr><td>過去否定</td><td> 盡[つ]きなかった</td><td>沒用盡過</td></tr><tr><td>て形</td><td> 盡[つ]きて</td><td>用盡（後）</td></tr><tr><td>意向形</td><td> 盡[つ]きよう</td><td>用盡吧</td></tr></tbody></table>,子供[こども]に 対[たい]しての 愛情[あいじょう]は 尽[つ]きることがない。,對孩子的愛是無止盡的。<br><br>🧾 單字速記：<br><ul><li><b> 子供[こども]</b>：孩子</li><li><b> 愛情[あいじょう]</b>：愛情</li><li><b> 盡[つ]きる</b>：用盡、枯竭</li></ul>,「に対しての＋名詞」語氣較柔和。<br><br>📝 語感補充：<br><ul><li><b>相似文法對比</b><ul><li><b>〜に対する</b>：標準的書面體修飾。</li><li><b>〜に対しての</b>：語感較為親切、生活化，常用於抒發情感。</li></ul></li><li><b>使用場景</b>：親子關係描述、個人感言、散文寫作。</li></ul>,❌ 和「～にとっての」混淆
～に対しては（＋副助詞）,強調針對對象的情況或措施。<br><br>🧠 文法解析：<br><ul><li><div><b> 輸入[ゆにゅう] 品[ひん]に</b></div><ul><li><div><b> 輸入[ゆにゅう]</b>：名詞，「輸入、進口」。</div></li><li><div><b> 品[ひん]</b>：名詞，「物品」。</div></li></ul></li><li><div><b> 對[たい]しては、</b></div><ul><li><div><b>に 對[たい]して</b>：針對對象。</div></li><li><div><b>は</b>：強調助詞，用來對比或加強語氣。</div></li></ul></li><li><div><b> 関稅[かんぜい]が</b></div><ul><li><div><b> 関稅[かんぜい]</b>：名詞，「關稅」。</div></li><li><div><b>が</b>：格助詞。</div></li></ul></li><li><div><b> かけられている。</b></div><ul><li><div><b> かける</b>：動詞，「課徵、加上」。</div></li><li><div><b>受身形</b>：かけられる（被課徵）。</div></li></ul></li></ul><br><br>📘 動詞補充（以「  かける」為例 → <b>下一段動詞</b>）<br><table><tbody><tr><td>變化</td><td>動詞普通形</td><td>說明</td></tr><tr><td>肯定（現在・未來）</td><td> かける</td><td>掛上、課徵</td></tr><tr><td>否定</td><td> かけない</td><td>不掛上</td></tr><tr><td>過去</td><td> かけた</td><td>掛上了</td></tr><tr><td>過去否定</td><td> かけなかった</td><td>沒掛過</td></tr><tr><td>て形</td><td> かけて</td><td>掛上（後）</td></tr><tr><td><b>受身形</b></td><td><b> かけられる</b></td><td><b>被掛上</b></td></tr></tbody></table>,輸入[ゆにゅう]品[ひん]に 対[たい]しては、関税[かんぜい]が かけられている。,對於進口品會課徵關稅。<br><br>🧾 單字速記：<br><ul><li><b> 輸入[ゆにゅう] 品[ひん]</b>：進口品</li><li><b> 関稅[かんぜい]</b>：關稅</li><li><b> かける</b>：課徵、掛上</li></ul>,常用於對策、規定。可對比「～には」。<br><br>📝 語感補充：<br><ul><li><b>強調與對比</b>：使用「は」隱含了「如果是進口品的話就要課稅（但國內品可能不用）」的對比語氣。</li><li><b>使用場景</b>：法條說明、經濟政策、稅務規定。</li></ul>,❌ 跟主題助詞「は」重複誤用：× に対してはは
～に対しても（＋副助詞）,表示不僅 A，也對 B 同樣成立（遞進）。<br><br>🧠 文法解析：<br><ul><li><div><b> 陳[ちん]さんは</b></div><ul><li><div><b> 陳[ちん]さん</b>：名詞。</div></li></ul></li><li><div><b> 日本[にほん]の アニメだけでなく、</b></div><ul><li><div><b> アニメ</b>：動畫。</div></li><li><div><b>〜だけでなく</b>：表示「不只...」。</div></li></ul></li><li><div><b> 日本[にほん]の ドラマに</b></div><ul><li><div><b> ドラマ</b>：電視劇。</div></li></ul></li><li><div><b> 對[たい]しても</b></div><ul><li><div><b>に 對[たい]して</b>：針對。</div></li><li><div><b>も</b>：也。</div></li></ul></li><li><div><b> 興味[きょうみ]を 持[も]っている。</b></div><ul><li><div><b> 興味[きょうみ]</b>：興趣。</div></li><li><div><b> 持[も]つ</b>：持有。</div></li></ul></li></ul><br><br>📘 動詞補充（以「  持[も]つ」為例 → <b>五段動詞</b>）<br><table><tbody><tr><td>變化</td><td>動詞普通形</td><td>說明</td></tr><tr><td>肯定（現在・未來）</td><td> 持[も]つ</td><td>持有</td></tr><tr><td>否定</td><td> 持[も]たない</td><td>不持有</td></tr><tr><td>過去</td><td> 持[も]った</td><td>持有了</td></tr><tr><td>過去否定</td><td> 持[も]たなかった</td><td>沒持有過</td></tr><tr><td>て形</td><td> 持[も]って</td><td>持有（後）</td></tr><tr><td>意向形</td><td> 持[も]とう</td><td>持有吧</td></tr></tbody></table>,陳[ちん]さんは 日本[にほん]の アニメだけでなく、日本の ドラマに 対[たい]しても 興味[きょうみ]を 持[も]っている。,陳先生不只對動畫有興趣，也對日劇有興趣。<br><br>🧾 單字速記：<br><ul><li><b> アニメ</b>：動畫</li><li><b> ドラマ</b>：劇集</li><li><b> 興味[きょうみ]</b>：興趣</li><li><b> 持[も]つ</b>：持有</li></ul>,「～だけでなく～に対しても」是常見遞進句型。<br><br>📝 語感補充：<br><ul><li><b>遞進強調</b>：使用「に対しても」比單純用「も」更正式，且明確指出「對象」。</li><li><b>使用場景</b>：個人興趣介紹、市場調查分析、能力評估。</li></ul>,❌ 與「～も」重複：× に対してもも
～に対しても（＋副助詞）,連老師都⋯⋯（強調例外性）。<br><br>🧠 文法解析：<br><ul><li><div><b> 先生[せんせい]に</b></div><ul><li><div><b> 先生[せんせい]</b>：名詞，「老師」。</div></li></ul></li><li><div><b> 對[たい]しても</b></div><ul><li><div><b>に 對[たい]して</b>：針對。</div></li><li><div><b>も</b>：連...也。</div></li></ul></li><li><div><b> 敬語[けいご]を</b></div><ul><li><div><b> 敬語[けいご]</b>：敬語。</div></li></ul></li><li><div><b> 使[つか]わない 子供[こども]が</b></div><ul><li><div><b> 使[つか]う</b>：動詞，「使用」。</div></li><li><div><b>ない</b>：否定。</div></li><li><div><b> 子供[こども]</b>：小孩。</div></li></ul></li><li><div><b> 増[ふ]えている。</b></div><ul><li><div><b> 増[ふ]える</b>：動詞，「增加」。</div></li></ul></li></ul><br><br>📘 動詞補充（以「  使[つか]う」為例 → <b>五段動詞</b>）<br><table><tbody><tr><td>變化</td><td>動詞普通形</td><td>說明</td></tr><tr><td>肯定（現在・未來）</td><td> 使[つか]う</td><td>使用</td></tr><tr><td>否定</td><td> 使[つか]わない</td><td>不使用</td></tr><tr><td>過去</td><td> 使[つか]った</td><td>使用了</td></tr><tr><td>過去否定</td><td> 使[つか]わなかった</td><td>沒使用過</td></tr><tr><td>て形</td><td> 使[つか]って</td><td>使用（後）</td></tr><tr><td>意向形</td><td> 使[つか]おう</td><td>使用吧</td></tr></tbody></table><br><br>📘 動詞補充（以「  増[ふ]える」為例 → <b>下一段動詞</b>）<br><table><tbody><tr><td>變化</td><td>動詞普通形</td><td>說明</td></tr><tr><td>肯定（現在・未來）</td><td> 増[ふ]える</td><td>增加</td></tr><tr><td>否定</td><td> 増[ふ]えない</td><td>不增加</td></tr><tr><td>過去</td><td> 増[ふ]えた</td><td>增加了</td></tr><tr><td>過去否定</td><td> 増[ふ]えなかった</td><td>沒增加過</td></tr><tr><td>て形</td><td> 増[ふ]えて</td><td>增加（後）</td></tr><tr><td>意向形</td><td> 増[ふ]えよう</td><td>增加吧</td></tr></table>,先生[せんせい]に 対[たい]しても 敬語[けいご]を 使[つか]わない 子供[こども]が 増[ふ]えている。,不用敬語對老師說話的孩子越來越多。<br><br>🧾 單字速記：<br><ul><li><b> 先生[せんせい]</b>：老師</li><li><b> 敬語[けいご]</b>：敬語</li><li><b> 使[つか]う</b>：使用</li><li><b> 増[ふ]える</b>：增加</li></ul>,可搭配「さえ」「までも」加強語氣。<br><br>📝 語感補充：<br><ul><li><b>批判與感嘆</b>：這裡的「に対しても」隱含了一種驚訝或對社會現狀的觀察——「本來應該要（對老師）尊敬的，竟然連老師都不...」。</li><li><b>使用場景</b>：社會評論、教育現場的討論、長輩的感嘆。</li></ul>,❌ 不搭配敬語場景會造成語意矛盾
～に対し（中止形）,書面用語，連接句子表示對象。<br><br>🧠 文法解析：<br><ul><li><div><b> 成績[せいせき] 優秀[ゆうしゅう]な 人[ひと]に</b></div><ul><li><div><b> 成績[せいせき]</b>：名詞。</div></li><li><div><b> 優秀[ゆうしゅう]</b>：な形容詞。</div></li><li><div><b> 人[ひと]</b>：名詞。</div></li></ul></li><li><div><b> 對[たい]し、</b></div><ul><li><div><b>に 對[たい]し</b>：動詞「對する」的中止形，語氣較正式。</div></li></ul></li><li><div><b> 表彰狀[ひょうしょうじょう]が</b></div><ul><li><div><b> 表彰狀[ひょうしょうじょう]</b>：表揚狀。</div></li></ul></li><li><div><b> 送[おく]られる。</b></div><ul><li><div><b> 送[おく]る</b>：動詞，「寄送、頒發」。</div></li><li><div><b>受身形</b>：送られる（被頒發）。</div></li></ul></li></ul><br><br>📘 動詞補充（以「  送[おく]る」為例 → <b>五段動詞</b>）<br><table><tbody><tr><td>變化</td><td>動詞普通形</td><td>說明</td></tr><tr><td>肯定（現在・未來）</td><td> 送[おく]る</td><td>送</td></tr><tr><td>否定</td><td> 送[おく]らない</td><td>不送</td></tr><tr><td>過去</td><td> 送[おく]った</td><td>送了</td></tr><tr><td>過去否定</td><td> 送[おく]らなかった</td><td>沒送過</td></tr><tr><td>て形</td><td> 送[おく]って</td><td>送（後）</td></tr><tr><td><b>受身形</b></td><td><b> 送[おく]られる</b></td><td><b>被送</b></td></tr></table>,成績[せいせき]優秀[ゆうしゅう]な 人[ひと]に 対[たい]し、表彰状[ひょうしょうじょう]が 送[おく]られる。,對成績優秀的人會頒發表揚狀。<br><br>🧾 單字速記：<br><ul><li><b> 成績[せいせき]</b>：成績</li><li><b> 優秀[ゆうしゅう]</b>：優秀</li><li><b> 表彰狀[ひょうしょうじょう]</b>：表揚狀</li><li><b> 送[おく]る</b>：送、頒發</li></ul>,與「に対して」同義，但常作中止形、前項修飾。<br><br>📝 語感補充：<br><ul><li><b>正式文書風格</b>：在新聞、公告中，為了簡潔與莊重，常用「に対し」取代「に対して」。</li><li><b>使用場景</b>：頒獎典禮說明、官方公告、法律條文。</li></ul>,❌ 和「～へ」誤混：× 成績優秀な人へ表彰状を送られる
～に対しまして（丁寧形）,極為正式的敬語，常用於商業書信、公告結尾。<br><br>🧠 文法解析：<br><ul><li><div><b> ここまで 関[かか]わりました</b></div><ul><li><div><b> ここまで</b>：到目前為止。</div></li><li><div><b> 関[かか]わる</b>：動詞，「有關、參與」。</div></li></ul></li><li><div><b> ご愛顧[あいこ]に</b></div><ul><li><div><b> 愛顧[あいこ]</b>：名詞，「惠顧、光顧」。</div></li><li><div><b>ご</b>：接頭詞，表示尊敬。</div></li></ul></li><li><div><b> 對[たい]しまして、</b></div><ul><li><div><b>に 對[たい]しまして</b>：對する的最高敬語形式（ます形の中止形）。</div></li></ul></li><li><div><b> 謹[つつし]んで</b></div><ul><li><div><b> 謹[つつし]む</b>：動詞，「謹慎、謙恭」。</div></li></ul></li><li><div><b> お禮[れい] 申し上[もうしあ]げます。</b></div><ul><li><div><b> 禮[れい]</b>：謝禮。</div></li><li><div><b> 申し上[もうしあ]げる</b>：言う的謙讓語。</div></li></ul></li></ul><br><br>📘 動詞補充（以「  関[かか]わる」為例 → <b>五段動詞</b>）<br><table><tbody><tr><td>變化</td><td>動詞普通形</td><td>說明</td></tr><tr><td>肯定（現在・未來）</td><td> 関[かか]わる</td><td>涉及</td></tr><tr><td>否定</td><td> 関[かか]わらない</td><td>不涉及</td></tr><tr><td>過去</td><td> 関[かか]わった</td><td>涉及了</td></tr><tr><td>過去否定</td><td> 関[かか]わらなかった</td><td>沒涉及過</td></tr><tr><td>て形</td><td> 関[かか]わって</td><td>涉及（後）</td></tr><tr><td>意向形</td><td> 関[かか]わろう</td><td>涉及吧</td></tr></table>,ここまで 関[かか]わりました ご愛顧[あいこ]に 対[たい]しまして、謹[つつし]んで お礼[れい]申し上[もうしあ]げます。,對於長久以來的惠顧，謹此致上最誠摯的謝意。<br><br>🧾 單字速記：<br><ul><li><b> 愛顧[あいこ]</b>：惠顧</li><li><b> 謹[つつし]んで</b>：誠摯地、恭敬地</li><li><b> 申し上[もうしあ]げる</b>：致（謝/詞）</li></ul>,書信語尾、演講致謝常見。是「に対して」的敬語。<br><br>📝 語感補充：<br><ul><li><b>最高級禮貌</b>：這是商業場合中最得體的謝辭之一，展現極高的素養。</li><li><b>使用場景</b>：公司慶週年致詞、店舖歇業公告、商業合作信函結尾。</li></ul>,❌ 和「～について」誤用在不當場合：× ご愛顧についてお礼申し上げます（語氣不夠正式）
～について,表示「關於～的內容」，後接說明、調查、討論等動作。<br><br>🧠 文法解析：<br><ul><li><div><b> 今日[きょう]は</b></div><ul><li><div><b> 今日[きょう]</b>：名詞，「今天」。</div></li></ul></li><li><div><b> この 地域[ちいき]の</b></div><ul><li><div><b> 地域[ちいき]</b>：名詞，「地區」。</div></li></ul></li><li><div><b> 歴史[れきし]について、</b></div><ul><li><div><b> 歴史[れきし]</b>：歷史。</div></li><li><div><b>について</b>：關於。</div></li></ul></li><li><div><b> 話[はな]します。</b></div><ul><li><div><b> 話[はな]す</b>：動詞，「說」。</div></li></ul></li></ul><br><br>📘 動詞補充（以「  話[はな]す」為例 → <b>五段動詞</b>）<br><table><tbody><tr><td>變化</td><td>動詞普通形</td><td>說明</td></tr><tr><td>肯定（現在・未來）</td><td> 話[はな]す</td><td>說</td></tr><tr><td>否定</td><td> 話[はな]さない</td><td>不說</td></tr><tr><td>過去</td><td> 話[はな]した</td><td>說了</td></tr><tr><td>過去否定</td><td> 話[はな]さなかった</td><td>沒說過</td></tr><tr><td>て形</td><td> 話[はな]して</td><td>說（後）</td></tr><tr><td>意向形</td><td> 話[はな]おう</td><td>說吧</td></tr></table>,今日[きょう]は この 地域[ちいき]の 歴史[れきし]について、話[はな]します。,今天我要說有關於這個地區的歷史。<br><br>🧾 單字速記：<br><ul><li><b> 地域[ちいき]</b>：地區</li><li><b> 歴史[れきし]</b>：歷史</li><li><b> 話[話]す</b>：說</li></ul>,可搭配「話す」「考える」「調べる」「学ぶ」「知っている」等動詞使用。<br><br>📝 語感補充：<br><ul><li><b>主題引導</b>：這是最標準的引出話題的用法，將後面的動作鎖定在某個範圍內。</li><li><b>使用場景</b>：自我介紹、簡報開頭、學術研究、日常詢問。</li></ul>,❌ 錯寫為助詞「に」：× 歴史に話します
～について,同上，用於事件主題。<br><br>🧠 文法解析：<br><ul><li><div><b> あの 事件[じけん]について、</b></div><ul><li><div><b> 事件[じけん]</b>：名詞。</div></li><li><div><b>について</b>：關於。</div></li></ul></li><li><div><b> 変[へん]な 噂[うわさ]を</b></div><ul><li><div><b> 変[へん]な</b>：な形容詞。</div></li><li><div><b> 噂[うわさ]</b>：名詞。</div></li></ul></li><li><div><b> 聞[き]きました。</b></div><ul><li><div><b> 聞[き]く</b>：動詞，「聽」。</div></li></ul></li></ul><br><br>📘 動詞補充（以「  聞[き]く」為例 → <b>五段動詞</b>）<br><table><tbody><tr><td>變化</td><td>動詞普通形</td><td>說明</td></tr><tr><td>肯定（現在・未來）</td><td> 聞[き]く</td><td>聽、問</td></tr><tr><td>否定</td><td> 聞[き]かない</td><td>不聽</td></tr><tr><td>過去</td><td> 聞[き]いた</td><td>聽了</td></tr><tr><td>過去否定</td><td> 聞[き]かなかった</td><td>沒聽過</td></tr><tr><td>て形</td><td> 聞[き]いて</td><td>聽（後）</td></tr><tr><td>意向形</td><td> 聞[き]こう</td><td>聽吧</td></tr></tbody></table>,あの 事件[じけん]について、変[へん]な 噂[うわさ]を 聞[き]きました。,關於那件事，我聽到了奇怪的傳聞。<br><br>🧾 單字速記：<br><ul><li><b> 事件[じけん]</b>：事件</li><li><b> 変[へん]な</b>：奇怪的</li><li><b> 噂[うわさ]</b>：傳聞</li><li><b> 聞[き]く</b>：聽</li></ul>,若為抽象主題，語氣保持客觀、平衡。<br><br>📝 語感補充：<br><ul><li><b>資訊來源</b>：常用於描述獲取資訊（聽說、讀到、查到）的對象。</li><li><b>使用場景</b>：閒聊、新聞討論、調查結果報告。</li></ul>,❌ 與「に対して」混用：× 事件に対して聞きました（語意不自然）
～について,同上，用於事件主題。<br><br>🧠 文法解析：<br><ul><li><div><b> あの 事件[じけん]について、</b></div><ul><li><div><b> 事件[じけん]</b>：名詞。</div></li><li><div><b>について</b>：關於。</div></li></ul></li></li><li><div><b> 変[へん]な 噂[うわさ]を</b></div><ul><li><div><b> 変[へん]な</b>：な形容詞。</div></li><li><div><b> 噂[うわさ]</b>：名詞。</div></li></ul></li></li><li><div><b> 聞[き]きました。</b></div><ul><li><div><b> 聞[き]く</b>：動詞，「聽」。</div></li></ul></li></li></ul><br><br>📘 動詞補充（以「  聞[き]く」為例 → <b>五段動詞</b>）<br><table><tbody><tr><td>變化</td><td>動詞普通形</td><td>說明</td></tr><tr><td>肯定（現在・未來）</td><td> 聞[き]く</td><td>聽、問</td></tr><tr><td>否定</td><td> 聞[き]かない</td><td>不聽</td></tr><tr><td>過去</td><td> 聞[き]いた</td><td>聽了</td></tr><tr><td>過去否定</td><td> 聞[き]かなかった</td><td>沒聽過</td></tr><tr><td>て形</td><td> 聞[き]いて</td><td>聽（後）</td></tr><tr><td>意向形</td><td> 聞[き]こう</td><td>聽吧</td></tr></tbody></table>,あの 事件[じけん]について、変[へん]な 噂[うわさ]を 聞[き]きました。,關於那件事，我聽到了奇怪的傳聞。<br><br>🧾 單字速記：<br><ul><li><b> 事件[じけん]</b>：事件</li><li><b> 変[へん]な</b>：奇怪的</li><li><b> 噂[うわさ]</b>：傳聞</li><li><b> 聞[き]く</b>：聽</li></ul>,若為抽象主題，語氣保持客觀、平衡。<br><br>📝 語感補充：<br><ul><li><b>資訊來源</b>：常用於描述獲取資訊（聽說、讀到、查到）的對象。</li><li><b>使用場景</b>：閒聊、新聞討論、調查結果報告。</li></ul>,❌ 與「に対して」混用：× 事件に対して聞きました（語意不自然）
～について,用於說明調查的主題。<br><br>🧠 文法解析：<br><ul><li><div><b> 北海道[ほっかいどう]の</b></div><ul><li><div><b> 北海道[ほっかいどう]</b>：名詞。</div></li></ul></li></li><li><div><b> 方言[ほうげん]について、</b></div><ul><li><div><b> 方言[ほうげん]</b>：名詞。</div></li><li><div><b>について</b>：關於。</div></li></ul></li></li><li><div><b> 調[しら]べました。</b></div><ul><li><div><b> 調[しら]べる</b>：動詞，「調查」。</div></li></ul></li></li></ul><br><br>📘 動詞補充（以「  調[しら]べる」為例 → <b>下一段動詞</b>）<br><table><tbody><tr><td>變化</td><td>動詞普通形</td><td>說明</td></tr><tr><td>肯定（現在・未來）</td><td> 調[しら]べる</td><td>調查</td></tr><tr><td>否定</td><td> 調[しら]べない</td><td>不調查</td></tr><tr><td>過去</td><td> 調[しら]べた</td><td>調查了</td></tr><tr><td>過去否定</td><td> 調[しら]べなかった</td><td>沒調查過</td></tr><tr><td>て形</td><td> 調[しら]べて</td><td>調查（後）</td></tr><tr><td>意向形</td><td> 調[しら]べよう</td><td>調查吧</td></tr></table>,北海道[ほっかいどう]の 方言[ほうげん]について、調[しら]べました。,我調查了北海道的方言。<br><br>🧾 單字速記：<br><ul><li><b> 北海道[ほっかいどう]</b>：北海道</li><li><b> 方言[ほうげん]</b>：方言</li><li><b> 調[しら]べる</b>：調查</li></ul>,可與「についてのN」進行名詞修飾（例：方言についてのレポート）。<br><br>📝 語感補充：<br><ul><li><b>學術研究</b>：在學術、專業領域中，表示研究、分析的核心內容。</li><li><b>使用場景</b>：寫報告、做研究、專題演講、學生作業。</li></ul>,❌ 搭配動詞錯誤：× 方言についてが調べました（助詞誤用）
～について,演講、發表主題常用句型。<br><br>🧠 文法解析：<br><ul><li><div><b> 國際[こくさい] 情勢[じょうせい]について、</b></div><ul><li><div><b> 國際[こくさい]</b>：名詞。</div></li><li><div><b> 情勢[じょうせい]</b>：名詞。</div></li></ul></li></li><li><div><b> スピーチを します。</b></div><ul><li><div><b> スピーチ</b>：演講。</div></li><li><div><b>する</b>：動詞。</div></li></ul></li></li></ul><br><br>📘 動詞補充（以「  する」為例 → <b>サ變動詞</b>）<br><table><tbody><tr><td>變化</td><td>動詞普通形</td><td>說明</td></tr><tr><td>肯定（現在・未來）</td><td>する</td><td>做</td></tr><tr><td>否定</td><td>しない</td><td>不做</td></tr><tr><td>過去</td><td>した</td><td>做了</td></tr><tr><td>過去否定</td><td>しなかった</td><td>沒做過</td></tr><tr><td>て形</td><td>して</td><td>做（後）</td></tr><tr><td>意向形</td><td>しよう</td><td>做吧</td></tr></table>,國際[こくさい]情勢[じょうせい]について、スピーチを します。,我要發表關於國際局勢的演講。<br><br>🧾 單字速記：<br><ul><li><b> 國際[こくさい]</b>：國際</li><li><b> 情勢[じょうせい]</b>：局勢</li><li><b> スピーチ</b>：演講</li></ul>,「～について、スピーチする／發表する／話す」為常見搭配。<br><br>📝 語感補充：<br><ul><li><b>正式發表</b>：在公眾場合引出主題時最正式、最常見的開場白。</li><li><b>使用場景</b>：演講、座談會、新聞發布會。</li></ul>,❌ 主題重複：× 國際情勢についてについて話します
～につきまして（敬語）,是「～について」的更敬語表現，語氣鄭重，常見於商業、公告或客服對話。<br><br>🧠 文法解析：<br><ul><li><div><b> 送料[そうりょう]に</b></div><ul><li><div><b> 送料[そうりょう]</b>：名詞，「運費」。</div></li></ul></li></li><li><div><b> つきましては、</b></div><ul><li><div><b>につきまして</b>：について的敬語形式。</div></li><li><div><b>は</b>：提示助詞。</div></li></ul></li></li><li><div><b> 後[のち]ほど</b></div><ul><li><div><b> 後[のち]ほど</b>：副詞，「稍後」。</div></li></ul></li></li><li><div><b> ご連絡[れんらく] いたします。</b></div><ul><li><div><b> 連絡[れんらく]する</b>：動詞。</div></li><li><div><b>ご...いたす</b>：謙讓語結構。</div></li></ul></li></li></ul><br><br>📘 動詞補充（以「  連絡[れんらく]する」為例 → <b>サ變動詞</b>）<br><table><tbody><tr><td>變化</td><td>動詞普通形</td><td>說明</td></tr><tr><td>肯定（現在・未來）</td><td> 連絡[れんらく]する</td><td>聯絡</td></tr><tr><td>否定</td><td> 連絡[れんらく]しない</td><td>不聯絡</td></tr><tr><td>過去</td><td> 連絡[れんらく]した</td><td>聯絡了</td></tr><tr><td>過去否定</td><td> 連絡[れんらく]しなかった</td><td>沒聯絡過</td></tr><tr><td>て形</td><td> 連絡[れんらく]して</td><td>聯絡（後）</td></tr><tr><td>意向形</td><td> 連絡[れんらく]しよう</td><td>聯絡吧</td></tr></table>,送料[そうりょう]に つきましては、後[のち]ほど ご連絡[れんらく] いたします。,關於運費，我們稍後會聯絡您。<br><br>🧾 單字速記：<br><ul><li><b> 送料[そうりょう]</b>：運費</li><li><b> 後[のち]ほど</b>：稍後</li><li><b> 連絡[れんらく]</b>：聯絡</li></ul>,可替換「について」以提升語氣禮貌度，常搭配「ご案內します」「ご說明します」「申し上げます」等敬語動詞。<br><br>📝 語感補充：<br><ul><li><b>商業專業感</b>：在日文信件或客戶服務中，使用「につきまして」能展現公司的專業與對客戶的尊重。</li><li><b>使用場景</b>：電商回覆、商務報價、官方通知。</li></ul>,❌ 和普通對話混用：× 昨日については、樂しかったにつきまして（風格不合）
～のかについて,表示「關於⋯是否⋯」「⋯的效果／理由／情況」，多用於說明／疑問主題的名詞化。<br><br>🧠 文法解析：<br><ul><li><div><b> 御社[おんしゃ]の 新薬[しんやく]が、</b></div><ul><li><div><b> 御社[おんしゃ]</b>：名詞，「貴公司」。</div></li><li><div><b> 新薬[しんやく]</b>：名詞，「新藥」。</div></li></ul></li></li><li><div><b> この ような 症状[しょうじょう]に</b></div><ul><li><div><b> 症状[しょうじょう]</b>：症狀。</div></li></ul></li></li><li><div><b> どのくらい 効果[こうか]が あるのか</b></div><ul><li><div><b> どのくらい</b>：多少。</div></li><li><div><b> 効果[こうか]</b>：效果。</div></li><li><div><b> ある</b>：有。</div></li><li><div><b>のか</b>：表示疑問的名詞化接續。</div></li></ul></li></li><li><div><b> について 詳[くわ]しく 知[し]りたい。</b></div><ul><li><div><b>について</b>：關於。</div></li><li><div><b> 知[し]りたい</b>：想知道。</div></li></ul></li></li></ul><br><br>📘 動詞補充（以「  ある」為例 → <b>五段動詞</b>）<br><table><tbody><tr><td>變化</td><td>動詞普通形</td><td>說明</td></tr><tr><td>肯定（現在・未來）</td><td> ある</td><td>有、在</td></tr><tr><td>否定</td><td> ない</td><td>沒有</td></tr><tr><td>過去</td><td> あった</td><td>有了</td></tr><tr><td>過去否定</td><td> なかった</td><td>沒過</td></tr><tr><td>て形</td><td> あって</td><td>有（後）</td></tr><tr><td>意向形</td><td> あろう</td><td>有吧</td></tr></table>,御社[おんしゃ]の 新薬[しんやく]が、この ような 症状[しょうじょう]に どのくらい 効果[こうか]が あるのかについて 詳[くわ]しく 知[し]りたい。,我想詳細了解貴公司的新藥對這種症狀有多大的效果。<br><br>🧾 單字速記：<br><ul><li><b> 御社[おんしゃ]</b>：貴公司</li><li><b> 新薬[しんやく]</b>：新藥</li><li><b> 効果[こうか]</b>：效果</li><li><b> 知[し]りたい</b>：想知道</li></ul>,「～のかについて」將整個疑問句名詞化為調查／研究／探討的對象。常見動詞：「調べる」「知りたい」「考える」等。<br><br>📝 語感補充：<br><ul><li><b>間接疑問句</b>：這是一個非常實用的高級句型，用來提出一個具體的待解決問題或待查證事實作為核心主題。</li><li><b>使用場景</b>：諮詢專業意見、學術論文、商務談判中的重點確認。</li></ul>,❌ 忘記接續「のか」：× 効果があるについて（語法錯誤）
〜に関しての（＋名詞）,修飾名詞，表示「與～有關的」，語氣正式，常見於公告或說明文。<br><br>🧠 文法解析：<br><ul><li><div><b> 入学[にゅうがく]に</b></div><ul><li><div><b> 入学[にゅう學]</b>：名詞。</div></li></ul></li><li><div><b> 関[かん]しての</b></div><ul><li><div><b>に 関[かん]して</b>：關於。</div></li><li><div><b>の</b>：助詞，用於修飾名詞。</div></li></ul></li><li><div><b> 問[と]い合わせは、</b></div><ul><li><div><b> 問[と]い合わせ</b>：諮詢。</div></li></ul></li><li><div><b> 次[つぎ]の 連絡先[れんらくさき]まで。</b></div><ul><li><div><b> 連絡先[れんらくさき]</b>：聯絡方式。</div></li><li><div><b>まで</b>：到（為止）。</div></li></ul></li></ul>,入学[にゅうがく]に 関[かん]しての 問[と]い合わせは、次[つぎ]の 連絡先[れんらくさき]まで。,關於入學的諮詢，請洽下列聯絡方式。<br><br>🧾 單字速記：<br><ul><li><b> 入学[にゅうがく]</b>：入學</li><li><b> 問い合わせ</b>：諮詢</li><li><b> 連絡先[れんらくさき]</b>：聯絡方式</li></ul>,常用於引導說明、規則、條款等名詞主題。<br><br>📝 語感補充：<br><ul><li><b>正式文書修飾</b>：與「に関する」意思相近，但「に関しての」更強調「與...相關的這一事項」。</li><li><b>使用場景</b>：手冊標題、官方網站說明、申請表單。</li></ul>,❌ 遺漏「の」接續詞：× 入學に関して問い合わせ（文法錯）
〜に関する（＋名詞）,與「〜に関しての」同義，但更常用，語感自然，應用廣泛。<br><br>🧠 文法解析：<br><ul><li><div><b> 彼[かれ]は</b></div><ul><li><div><b> 彼[かれ]</b>：名詞，「他」。</div></li></ul></li><li><div><b> 伝統[でんとう] 文化[ぶんか]に</b></div><ul><li><div><b> 伝統[でんとう]</b>：傳統。</div></li></ul></li><li><div><b> 文化[ぶんか]</b>：文化。</div></li><li><div><b> 関[かん]する</b></div><ul><li><div><b>に 関[かん]する</b>：關於。</div></li></ul></li><li><div><b> 知識[ちしき]が</b></div><ul><li><div><b> 知識[ちしき]</b>：知識。</div></li></ul></li><li><div><b> 豊富[ほうふ]だ。</b></div><ul><li><div><b> 豊富[ほうふ]</b>：豐富。</div></li></ul></li></ul>,彼[かれ]は 伝統[でんとう]文化[ぶんか]に 関[かん]する 知識[ちしき]が 豊富[ほうふ]だ。,他對傳統文化的知識非常豐富。<br><br>🧾 單字速記：<br><ul><li><b> 伝統[でんとう]</b>：傳統</li><li><b> 知識[ちしき]</b>：知識</li><li><b> 豊富[ほうふ]</b>：豐富</li></ul>,相較「に関しての」，「に関する」更常見於書面與對話。<br><br>📝 語感補充：<br><ul><li><b>廣泛應用</b>：這是 N3 程度中最重要的名詞修飾型態之一，語感比「についての」更莊重。</li><li><b>使用場景</b>：自我推薦、學術介紹、專業領域的描述。</li></ul>,❌ 與「について」混淆：語氣不同，「に関する」較書面
〜に関して（＋動詞）,表示「針對某主題」做某事，語氣正式。<br><br>🧠 文法解析：<br><ul><li><div><b> 彼[かれ]は</b></div><ul><li><div><b> 彼[かれ]</b>：他。</div></li></ul></li><li><div><b> 仮想[かそう] 通貨[つうか]の</b></div><ul><li><div><b> 仮想[かそう]</b>：虛擬。</div></li><li><div><b> 通貨[つうか]</b>：貨幣。</div></li></ul></li><li><div><b> 投資[とうし]に</b></div><ul><li><div><b> 投資[とうし]</b>：名詞。</div></li></ul></li><li><div><b> 関[かん]して、</b></div><ul><li><div><b>に 関[かん]して</b>：關於。</div></li></ul></li><li><div><b> 自信[じしん]を</b></div><ul><li><div><b> 自信[じしん]</b>：自信。</div></li></ul></li><li><div><b> 持[も]っている。</b></div><ul><li><div><b> 持[も]つ</b>：持有。</div></li></ul></li></ul><br><br>📘 動詞補充（以「  持[も]つ」為例 → <b>五段動詞</b>）<br><table><tbody><tr><td>變化</td><td>動詞普通形</td><td>說明</td></tr><tr><td>肯定（現在・未來）</td><td> 持[も]つ</td><td>持有</td></tr><tr><td>否定</td><td> 持[も]たない</td><td>不持有</td></tr><tr><td>過去</td><td> 持[も]った</td><td>持有了</td></tr><tr><td>過去否定</td><td> 持[も]たなかった</td><td>沒持有過</td></tr><tr><td>て形</td><td> 持[も]って</td><td>持有（後）</td></tr><tr><td>意向形</td><td> 持[も]とう</td><td>持有吧</td></tr></tbody></table>,彼[かれ]は 仮想[かそう]通貨[つうか]の 投資[とうし]に 関[かん]して、 自信[じしん]を 持[も]っている。,他對虛擬貨幣的投資相當有自信。<br><br>🧾 單字速記：<br><ul><li><b> 仮想[かそう] 通貨[つうか]</b>：虛擬貨幣</li><li><b> 投資[とうし]</b>：投資</li><li><b> 自信[じしん]</b>：自信</li></ul>,常與「説明する」「調べる」「發表する」等動詞搭配。<br><br>📝 語感補充：<br><ul><li><b>焦點主題</b>：將討論的重點明確框定在「投資」這個範疇。</li><li><b>使用場景</b>：面試、專業分析、財經新聞。</li></ul>,❌ 誤與「対して」混用：× 投資に対して自信がある（語意略有不同）
〜に関して（＋補足說明）,用於引導主題，進入詢問或說明。<br><br>🧠 文法解析：<br><ul><li><div><b> その 件[けん]に</b></div><ul><li><div><b> 件[けん]</b>：案件、事情。</div></li></ul></li><li><div><b> 関[かん]して、</b></div><ul><li><div><b>に 関[かん]して</b>：關於。</div></li></ul></li><li><div><b> 聞[き]きたい ことが</b></div><ul><li><div><b> 聞[き]く</b>：聽、問。</div></li><li><div><b>〜たい</b>：想。</div></li></ul></li><li><div><b> あるんですが。</b></div><ul><li><div><b> ある</b>：有。</div></li><li><div><b>んですが</b>：表示委婉的開場白。</div></li></ul></li></ul><br><br>📘 動詞補充（以「  聞[き]く」為例 → <b>五段動詞</b>）<br><table><tbody><tr><td>變化</td><td>動詞普通形</td><td>說明</td></tr><tr><td>肯定（現在・未來）</td><td> 聞[き]く</td><td>聽、問</td></tr><tr><td>否定</td><td> 聞[き]かない</td><td>不聽</td></tr><tr><td>過去</td><td> 聞[き]いた</td><td>聽了</td></tr><tr><td>過去否定</td><td> 聞[き]かなかった</td><td>沒聽過</td></tr><tr><td>て形</td><td> 聞[き]いて</td><td>聽（後）</td></tr><tr><td>意向形</td><td> 聞[き]こう</td><td>聽吧</td></tr></table>,その 件[けん]に 関[かん]して、聞[き]きたいことが あるんですが。,關於那件事，我有些想請教的。<br><br>🧾 單字速記：<br><ul><li><b> 件[けん]</b>：事情</li><li><b> 聞[き]きたい</b>：想問</li></ul>,語氣客觀、溫和，常用於進入主題。<br><br>📝 語感補充：<br><ul><li><b>謙遜語氣</b>：在詢問上司或長輩時，使用「に関して」比「について」更能展現出慎重的態度。</li><li><b>使用場景</b>：商務會議提問、向老師請教、處理行政事務。</li></ul>,❌ 與「について」混淆：語氣上「に関して」更慎重、謙遜
～に関しては（＋副助詞）,用來提出話題或作為重點焦點使用，語氣鄭重。<br><br>🧠 文法解析：<br><ul><li><div><b> その 件[けん]に</b></div><ul><li><div><b> 件[けん]</b>：名詞。</div></li></ul></li><li><div><b> 関[かん]しては、</b></div><ul><li><div><b>に 関[かん]して</b>：關於。</div></li><li><div><b>は</b>：提示助詞，表示強調。</div></li></ul></li><li><div><b> 後[のち]ほど</b></div><ul><li><div><b> 後[のち]ほど</b>：副詞。</div></li></ul></li><li><div><b> ご説明[せつめい] いたします。</b></div><ul><li><div><b> 說明[せつめい]する</b>：動詞。</div></li><li><div><b>ご...いたす</b>：謙讓語。</div></li></ul></li></ul><br><br>📘 動詞補充（以「  說明[せつめい]する」為例 → <b>サ變動詞</b>）<br><table><tbody><tr><td>變化</td><td>動詞普通形</td><td>說明</td></tr><tr><td>肯定（現在・未來）</td><td> 說明[せつめい]する</td><td>說明</td></tr><tr><td>否定</td><td> 說明[せつめい]しない</td><td>不說明</td></tr><tr><td>過去</td><td> 說明[せつめい]した</td><td>說明了</td></tr><tr><td>過去否定</td><td> 說明[せつめい]しなかった</td><td>沒說明過</td></tr><tr><td>て形</td><td> 說明[せつめい]して</td><td>說明（後）</td></tr><tr><td>意向形</td><td> 說明[せつめい]しよう</td><td>說明吧</td></tr></table>,その 件[けん]に 関[かん]しては、後[のち]ほど ご説明[せつめい]いたします。,關於那件事，稍後會為您說明。<br><br>🧾 單字速記：<br><ul><li><b> 件[けん]</b>：案件</li><li><b> 後[のち]ほど</b>：稍後</li><li><b> 說明[せつめい]</b>：說明</li></ul>,對主題加強語氣，與「〜については」類似，但語氣更正式。<br><br>📝 語感補充：<br><ul><li><b>特定範圍的限定</b>：加上「は」帶有一種「針對這件事（其他的暫且不論）」的明確指向感。</li><li><b>使用場景</b>：商務往來郵件、正式報告書、演講問答。</li></ul>,❌ 與主題助詞「は」重複：× に関してはは（多餘助詞）
～に関しても（＋副助詞）,表示「不只⋯也⋯」，是「〜についても」的敬語版。<br><br>🧠 文法解析：<br><ul><li><div><b> 外國[がいこく]に</b></div><ul><li><div><b> 外國[がいこく]</b>：國外。</div></li></ul></li><li><div><b> 勉強[べんきゅう]に 行[い]くなら、</b></div><ul><li><div><b> 勉強[べんきゅう]</b>：學習。</div></li><li><div><b> 行[い]く</b>：去。</div></li><li><div><b>なら</b>：假定。</div></li></li><li><div><b> 言葉[ことば]だけでなく、</b></div><ul><li><div><b> 言葉[ことば]</b>：語言。</div></li><li><div><b>だけでなく</b>：不只。</div></li></ul></li></li><li><div><b> 習慣[しゅうかん]に 関[かん]しても</b></div><ul><li><div><b> 習慣[しゅうかん]</b>：習慣。</div></li><li><div><b>に 関[かん]して</b>：關於。</div></li><li><div><b>も</b>：也。</div></li></ul></li></li><li><div><b> 知[し]っておいた 方[ほう]が いい。</b></div><ul><li><div><b> 知[し]る</b>：知道。</div></li><li><div><b>〜ておく</b>：預先準備。</div></li><li><div><b>〜た 方[ほう]が いい</b>：建議。</div></li></ul></li></ul><br><br>📘 動詞補充（以「  知[し]る」為例 → <b>五段動詞</b>）<br><table><tbody><tr><td>變化</td><td>動詞普通形</td><td>說明</td></tr><tr><td>肯定（現在・未來）</td><td> 知[し]る</td><td>知道</td></tr><tr><td>否定</td><td> 知[し]らない</td><td>不知道</td></tr><tr><td>過去</td><td> 知[し]った</td><td>知道了</td></tr><tr><td>過去否定</td><td> 知[し]らなかった</td><td>沒知道過</td></tr><tr><td>て形</td><td> 知[し]って</td><td>知道（後）</td></tr><tr><td>意向形</td><td> 知[し]ろう</td><td>知道吧</td></tr></tbody></table>,外国[がいこく]に 勉強[べんきゅう]に 行[い]くなら、言葉[ことば]だけでなく、習慣[しゅうかん]に 関[かん]しても 知[し]っておいた 方[ほう]が いい。,若要去國外留學，最好不只語言，連習慣也要先了解。<br><br>🧾 單字速記：<br><ul><li><b> 言葉[ことば]</b>：語言</li><li><b> 習慣[しゅうかん]</b>：習慣</li><li><b> 知[し]っておく</b>：預先了解</li></ul>,適合用於比較正式的描述，強調遞進或附加條件。<br><br>📝 語感補充：<br><ul><li><b>遞進強調</b>：在描述留學、移居等重大變化時，使用「に関しても」能列舉出多個需要注意的面向。</li><li><b>使用場景</b>：留學指南、生活建議、跨文化交流。</li></ul>,❌ 搭配「も」重複：× に関してもも
～に関し（中止形）,書面體中止形，常用於連接句子，語氣正式。<br><br>🧠 文法解析：<br><ul><li><div><b> 裁判[さいばん]の 結果[けっか]、</b></div><ul><li><div><b> 裁判[さいばん]</b>：審判。</div></li><li><div><b> 結果[けっか]</b>：結果。</div></li></ul></li><li><div><b> 全[すべ]ての 件[けん]に 関[かん]し、</b></div><ul><li><div><b> 全[すべ]て</b>：全部。</div></li><li><div><b>に 関[かん]し</b>：中止形。</div></li></ul></li><li><div><b> 無罪[むざい]と 証明[しょうめい]された。</b></div><ul><li><div><b> 無罪[むざい]</b>：無罪。</div></li><li><div><b> 証明[しょうめい]する</b>：證明。</div></li><li><div><b>受身形</b>：証明される。</div></li></ul></li></ul><br><br>📘 動詞補充（以「  証明[しょうめい]する」為例 → <b>サ變動詞</b>）<br><table><tbody><tr><td>變化</td><td>動詞普通形</td><td>說明</td></tr><tr><td>肯定（現在・未來）</td><td> 証明[しょうめい]する</td><td>證明</td></tr><tr><td>否定</td><td> 証明[しょうめい]しない</td><td>不證明</td></tr><tr><td>過去</td><td> 証明[しょうめい]した</td><td>證明了</td></tr><tr><td>過去否定</td><td> 証明[しょうめい]しなかった</td><td>沒證明過</td></tr><tr><td>て形</td><td> 証明[しょうめい]して</td><td>證明（後）</td></tr><tr><td><b>受身形</b></td><td><b> 証明[しょうめい]される</b></td><td><b>被證明</b></td></tr></tbody></table>,裁判[さいばん]の 結果[けっか]、全[すべ]ての 件[けん]に 関[かん]し、無罪[むざい]と 証明[しょうめい]された。,審判結果，所有案件都被證明無罪。<br><br>🧾 單字速記：<br><ul><li><b> 裁判[さいばん]</b>：審判</li><li><b> 無罪[むざい]</b>：無罪</li><li><b> 証明[しょうめい]される</b>：被證明</li></ul>,常見於報告、新聞、法律或公司公告。<br><br>📝 語感補充：<br><ul><li><b>新聞報導體</b>：這種中止形用法能讓句子在描述複雜事實時保持連貫且節奏明快。</li><li><b>使用場景</b>：法庭新聞、官方聲明、研究成果發表。</li></ul>,❌ 與會話語體混用不當：× この話に関し、楽しかった（風格不符）
～に関しまして（丁寧形）,「～に関して」的最高敬語形式，用於商業書信、客服、公告等。<br><br>🧠 文法解析：<br><ul><li><div><b> 内容[ないよう]に 関[かん]しましては、</b></div><ul><li><div><b> 内容[ないよう]</b>：內容。</div></li><li><div><b>に 関[かん]しまして</b>：最高敬語。</div></li><li><div><b>は</b>：提示。</div></li></ul></li><li><div><b> 是非[ぜひ] 一度[いちど] ご連絡[れんらく] 願[ねが]います。</b></div><ul><li><div><b> 是非[ぜひ]</b>：務必。</div></li><li><div><b> 連絡[れんらく]</b>：聯絡。</div></li><li><div><b> 願[ねが]う</b>：請求、希望。</div></li></ul></li></ul><br><br>📘 動詞補充（以「  願[ねが]う」為例 → <b>五段動詞</b>）<br><table><tbody><tr><td>變化</td><td>動詞普通形</td><td>說明</td></tr><tr><td>肯定（現在・未來）</td><td> 願[ねが]う</td><td>請求</td></tr><tr><td>否定</td><td> 願[ねが]わない</td><td>不請求</td></tr><tr><td>過去</td><td> 願[ねが]った</td><td>請求了</td></tr><tr><td>過去否定</td><td> 願[ねが]わなかった</td><td>沒請求過</td></tr><tr><td>て形</td><td> 願[ねが]って</td><td>請求（後）</td></tr><tr><td>意向形</td><td> 願[ねが]おう</td><td>請求吧</td></tr></tbody></table>,内容[ないよう]に 関[かん]しましては、是非[ぜひ] 一度[いちど] ご連絡[れんらく] 願[ねが]います。,關於內容，敬請聯絡我們。<br><br>🧾 單字速記：<br><ul><li><b> 内容[ないよう]</b>：內容</li><li><b> 連絡[れんらく]</b>：聯絡</li><li><b> 願[ねが]う</b>：請求</li></ul>,與「ご連絡願います」「ご案內いたします」等敬語常搭配使用。<br><br>📝 語感補充：<br><ul><li><b>極度鄭重</b>：在對客戶或合作夥伴進行重要事項說明後，邀請對方進一步洽詢時的標準用語。</li><li><b>使用場景</b>：商務提案、契約說明、官方回應。</li></ul>,❌ 和普通體混用不當：× 今日に関しまして、映画を見た（語氣不搭）
～によって（表示依據、判斷基準）,表示「根據⋯」「依⋯不同而⋯」，常用於「因人而異」、「依場合而定」等句型。<br><br>🧠 文法解析：<br><ul><li><div><b> 習慣[しゅうかん]は、</b></div><ul><li><div><b> 習慣[しゅうかん]</b>：習慣。</div></li></ul></li><li><div><b> 人[ひと]に よって</b></div><ul><li><div><b> 人[ひと]</b>：人。</div></li><li><div><b>に よって</b>：表示依據、不同。</div></li></ul></li><li><div><b> 違[ちが]う。</b></div><ul><li><div><b> 違[ちが]う</b>：動詞，「不同」。</div></li></ul></li></ul><br><br>📘 動詞補充（以「  違[ちが]う」為例 → <b>五段動詞</b>）<br><table><tbody><tr><td>變化</td><td>動詞普通形</td><td>說明</td></tr><tr><td>肯定（現在・未來）</td><td> 違[ちが]う</td><td>不同</td></tr><tr><td>否定</td><td> 違[ちが]わない</td><td>不不同</td></tr><tr><td>過去</td><td> 違[ちが]った</td><td>不同了</td></tr><tr><td>過去否定</td><td> 違[ちが]わなかった</td><td>沒不同過</td></tr><tr><td>て形</td><td> 違[ちが]って</td><td>不同（後）</td></tr><tr><td>意向形</td><td> 違[ちが]おう</td><td>不同吧</td></tr></tbody></table>,習慣[しゅうかん]は、人[ひと]に よって 違[ちが]う。,習慣因人而異。<br><br>🧾 單字速記：<br><ul><li><b> 習慣[しゅうかん]</b>：習慣</li><li><b> 違[ちが]う</b>：不同</li></ul>,常見結構：「～に よって 違う」「～に よって 異なる」等。<br><br>📝 語感補充：<br><ul><li><b>多樣性描述</b>：這是用來描述「每個體體/情況都有其獨特性」的核心句型。</li><li><b>使用場景</b>：文化比較、性格描述、多樣化數據分析。</li></ul>,❌ 和「から」混用：× 人から違う（語感錯誤）
～によって（表示依據、判斷基準）,表示「根據⋯」「依⋯不同而⋯」，常用於「因人而異」、「依場合而定」等句型。<br><br>🧠 文法解析：<br><ul><li><div><b> 果物[くだもの]の 値段[ねだん]は、</b></div><ul><li><div><b> 果物[くだもの]</b>：水果。</div></li><li><div><b> 値段[ねだん]</b>：價格。</div></li></ul></li><li><div><b> 季節[きせつ]に よって</b></div><ul><li><div><b> 季節[きせつ]</b>：季節。</div></li><li><div><b>に よって</b>：表示依據。</div></li></ul></li><li><div><b> 変[か]わる。</b></div><ul><li><div><b> 変[か]わる</b>：動詞，「變化」。</div></li></ul></li></ul><br><br>📘 動詞補充（以「  變[か]わる」為例 → <b>五段動詞</b>）<br><table><tbody><tr><td>變化</td><td>動詞普通形</td><td>說明</td></tr><tr><td>肯定（現在・未來）</td><td> 変[か]わる</td><td>變化</td></tr><tr><td>否定</td><td> 変[か]わらない</td><td>不變化</td></tr><tr><td>過去</td><td> 変[か]わった</td><td>變化了</td></tr><tr><td>過去否定</td><td> 変[か]わらなかった</td><td>沒變化過</td></tr><tr><td>て形</td><td> 変[か]わって</td><td>變化（後）</td></tr><tr><td>意向形</td><td> 変[か]わろう</td><td>變化吧</td></tr></tbody></table>,果物[くだもの]の 値段[ねだん]は、季節[きせつ]に よって 変[か]わる。,水果的價格會依季節而改變。<br><br>🧾 單字速記：<br><ul><li><b> 季節[きせつ]</b>：季節</li><li><b> 値段[ねだん]</b>：價格</li><li><b> 変[か]わる</b>：變化</li></ul>,搭配「変わる」「異なる」「違う」「分かれる」等動詞常見。<br><br>📝 語感補充：<br><ul><li><b>變動性</b>：強調結果（價格）不是固定的，而是隨著某個條件（季節）的變動而變動。</li><li><b>使用場景</b>：經濟分析、日常生活觀察、市場說明。</li></ul>,❌ 忘記助詞「に」：× 季節よって変わる（助詞錯）
～によって（表示手段、方法）,表示「透過⋯」「藉由⋯」，可翻譯為「以⋯為手段」。<br><br>🧠 文法解析：<br><ul><li><div><b> 現代人[げんだいじん]は、</b></div><ul><li><div><b> 現代人[げんだいじん]</b>：名詞。</div></li></ul></li><li><div><b> インターネットに よって、</b></div><ul><li><div><b> インターネット</b>：名詞。</div></li><li><div><b>に よって</b>：表示手段、方式。</div></li></ul></li><li><div><b> 多[おお]くの 情報[じょうほう]を</b></div><ul><li><div><b> 多[おお]くの</b>：許多的。</div></li><li><li><div><b> 情報[じょうほう]</b>：資訊。</div></li></ul></li><li><div><b> 得[え]ている。</b></div><ul><li><div><b> 得[え]る</b>：動詞，「獲得」。</div></li><li><div><b>〜ている</b>：表示狀態或持續。</div></li></ul></li></ul><br><br>📘 動詞補充（以「  得[え]る」為例 → <b>下一段動詞</b>）<br><table><tbody><tr><td>變化</td><td>動詞普通形</td><td>說明</td></tr><tr><td>肯定（現在・未來）</td><td> 得[え]る</td><td>獲得</td></tr><tr><td>否定</td><td> 得[え]ない</td><td>不獲得</td></tr><tr><td>過去</td><td> 得[え]た</td><td>獲得了</td></tr><tr><td>過去否定</td><td> 得[え]なかった</td><td>沒獲得過</td></tr><tr><td>て形</td><td> 得[え]て</td><td>獲得（後）</td></tr><tr><td>意向形</td><td> 得[え]よう</td><td>獲得吧</td></tr></tbody></table>,現代人[げんだいじん]は、インターネットに よって、多[おお]くの 情報[じょうほう]を 得[え]ている。,現代人透過網路獲得許多資訊。<br><br>🧾 單字速記：<br><ul><li><b> 現代人[げんだいじん]</b>：現代人</li><li><b> インターネット</b>：網路</li><li><b> 情報[じょうほう]</b>：資訊</li><li><b> 得[え]る</b>：獲得</li></ul>,常與「得る」「変わる」「實現する」「發現される」等被動型搭配。<br><br>📝 語感補充：<br><ul><li><b>正式手段</b>：比助詞「で」更正式，強調這是一個系統性的、或科技性的媒介手段。</li><li><b>使用場景</b>：技術說明、社會觀察報告、學術論文。</li></ul>,❌ 與「で」誤用：× インターネットで多くの情報を得る（語氣偏口語）
～によって（表示手段、方法）,表示「透過⋯」「藉由⋯」，可翻譯為「以⋯為手段」。<br><br>🧠 文法解析：<br><ul><li><div><b> AIの 導入[どうにゅう]に よって、</b></div><ul><li><div><b> 導入[どうにゅう]</b>：導入、引進。</div></li><li><div><b>に よって</b>：表示手段、方式。</div></li></ul></li><li><div><b> ビジネスモデルが</b></div><ul><li><div><b> ビジネスモデル</b>：商業模式。</div></li></ul></li><li><div><b> 変[か]わりました。</b></div><ul><li><div><b> 変[か]わる</b>：動詞，「改變」。</div></li></ul></li></ul><br><br>📘 動詞補充（以「  變[か]わる」為例 → <b>五段動詞</b>）<br><table><tbody><tr><td>變化</td><td>動詞普通形</td><td>說明</td></tr><tr><td>肯定（現在・未來）</td><td> 変[か]わる</td><td>改變</td></tr><tr><td>否定</td><td> 変[か]わらない</td><td>不改變</td></tr><tr><td>過去</td><td> 変[か]わった</td><td>改變了</td></tr><tr><td>過去否定</td><td> 変[か]わらなかった</td><td>沒改變過</td></tr><tr><td>て形</td><td> 変[か]わって</td><td>改變（後）</td></tr><tr><td>意向形</td><td> 変[か]わろう</td><td>改變吧</td></tr></tbody></table>,AIの 導入[どうにゅう]に よって、ビジネスモデルが 変[か]わりました。,因導入 AI，商業模式改變了。<br><br>🧾 單字速記：<br><ul><li><b> 導入[どうにゅう]</b>：導入</li><li><b> ビジネスモデル</b>：商業模式</li><li><b> 變[か]わる</b>：改變</li></ul>,結構：N によって＋結果句／變化句。<br><br>📝 語感補充：<br><ul><li><b>變化的動能</b>：強調「導入 AI」是引發整個系統性變化的核心動力或方式。</li><li><b>使用場景</b>：商務新聞、科技講座、趨勢分析。</li></ul>,❌ 和原因句混淆：需判斷語意是否為「方法」非「原因」
～によって（表示原因、理由）,表示「因為⋯」，用於說明導致結果的原因。<br><br>🧠 文法解析：<br><ul><li><div><b> ちょっとした 不注意[ふちゅうい]に よって、</b></div><ul><li><div><b> ちょっとした</b>：一點點的、微小的。</div></li><li><div><b> 不注意[ふちゅうい]</b>：不注意、疏忽。</div></li><li><div><b>に よって</b>：表示原因。</div></li></ul></li><li><div><b> 大[おお]きな 事故[じこ]を</b></div><ul><li><div><b> 大[おお]きな</b>：大的。</div></li><li><div><b> 事故[じこ]</b>：事故。</div></li></ul></li><li><div><b> 起[お]こした。</b></div><ul><li><div><b> 起[お]こす</b>：動詞，「引起、造成」。</div></li></ul></li></ul><br><br>📘 動詞補充（以「  起[お]こす」為例 → <b>五段動詞</b>）<br><table><tbody><tr><td>變化</td><td>動詞普通形</td><td>說明</td></tr><tr><td>肯定（現在・未來）</td><td> 起[お]こす</td><td>引起</td></tr><tr><td>否定</td><td> 起[お]こさない</td><td>不引起</td></tr><tr><td>過去</td><td> 起[お]こした</td><td>引起了</td></tr><tr><td>過去否定</td><td> 起[お]こさなかった</td><td>沒引起過</td></tr><tr><td>て形</td><td> 起[お]こして</td><td>引起（後）</td></tr><tr><td>意向形</td><td> 起[お]こそう</td><td>引起吧</td></tr></tbody></table>,ちょっとした 不注意[ふちゅうい]に よって、大[おお]きな 事故[じこ]を 起[お]こした。,因一時疏忽造成重大事故。<br><br>🧾 單字速記：<br><ul><li><b> 不注意[ふちゅうい]</b>：疏忽</li><li><b> 事故[じこ]</b>：事故</li><li><b> 起[お]こす</b>：引起、造成</li></ul>,多與「起こす」「發生する」「損害を受ける」「失う」等結果動詞搭配。<br><br>📝 語感補充：<br><ul><li><b>嚴重性原因</b>：通常用於描述引發了某個負面、重大的「結果」。語感比「ので」或「から」更強調因果的直接性。</li><li><b>使用場景</b>：新聞報導（車禍、火災）、檢討報告、科學分析。</li></ul>,❌ 與手段混用：需區分是「手段」還是「原因」的語意
～による（名詞修飾）,修飾名詞，表示「由於⋯」「因⋯造成的⋯」。<br><br>🧠 文法解析：<br><ul><li><div><b> この 地方[ちほう]は、</b></div><ul><li><div><b> 地方[ちほう]</b>：地區。</div></li></ul></li><li><div><b> 先月[せんげつ]の 台風[たいふう]に よる</b></div><ul><li><div><b> 台風[たいふう]</b>：颱風。</div></li><li><div><b>に よる</b>：由...引起的（修飾名詞）。</div></li></ul></li><li><div><b> 被害[ひがい]が 最[もっと]も</b></div><ul><li><div><b> 被害[ひがい]</b>：損害、被害。</div></li><li><div><b> 最[もっと]も</b>：最。</div></li></ul></li><li><div><b> 大[おお]きかった。</b></div><ul><li><div><b> 大[おお]きい</b>：大的。</div></li><li><div><b>過去式</b>：大きかった。</div></li></ul></li></ul>,この 地方[ちほう]は、先月[せんげつ]の 台風[たいふう]に よる 被害[ひがい]が 最[もっと]も 大[おお]きかった。,這個地區受到上個月颱風造成的損害最為嚴重。<br><br>🧾 單字速記：<br><ul><li><b> 颱風[たいふう]</b>：颱風</li><li><b> 被害[ひがい]</b>：損害</li><li><b> 最[もっと]も</b>：最</li></ul>,「～による＋名詞」結構常見於新聞、災害報告、研究文章。<br><br>📝 語感補充：<br><ul><li><b>連體修飾</b>：將原因（颱風）直接作為定語來修飾結果（損害），使句子結構更緊湊。</li><li><b>使用場景</b>：災情報導、經濟統計、原因分析。</li></ul>,❌ 忘記「の」作連體修飾：× 台風によるの被害（多餘助詞）
～によっては（副助詞）,表示「視情況而定」「有些⋯可能⋯」，用於說明不確定、變化的結果。<br><br>🧠 文法解析：<br><ul><li><div><b> 店[みせ]に よっては、</b></div><ul><li><div><b> 店[みせ]</b>：名詞。</div></li><li><div><b>に よって</b>：表示依據。</div></li><li><div><b>は</b>：提示助詞，表示「如果是針對某些...」。</div></li></ul></li><li><div><b> ７ 時に 閉店[へいてん]して しまう</b></div><ul><li><div><b> 閉店[へいてん]する</b>：關店。</div></li><li><div><b>〜て しまう</b>：表示遺憾、完成或無法挽回。</div></li></ul></li><li><div><b> 所[ところ]も あります。</b></div><ul><li><div><b> 所[ところ]</b>：地方（這裡指店鋪）。</div></li><li><div><b>も</b>：也。</div></li></ul></li></ul><br><br>📘 動詞補充（以「  閉店[へいてん]する」為例 → <b>サ變動詞</b>）<br><table><tbody><tr><td>變化</td><td>動詞普通形</td><td>說明</td></tr><tr><td>肯定（現在・未來）</td><td> 閉店[へいてん]する</td><td>關店</td></tr><tr><td>否定</td><td> 閉店[へいてん]しない</td><td>不關店</td></tr><tr><td>過去</td><td> 閉店[へいてん]した</td><td>關店了</td></tr><tr><td>過去否定</td><td> 閉店[へいてん]しなかった</td><td>沒關過</td></tr><tr><td>て形</td><td> 閉店[へいてん]して</td><td>關店（後）</td></tr><tr><td>意向形</td><td> 閉店[へいてん]しよう</td><td>關店吧</td></tr></tbody></table>,店[みせ]に よっては、７時に 閉店[へいてん]してしまう 所[ところ]も あります。,有的店 7 點就關門了。<br><br>🧾 單字速記：<br><ul><li><b> 閉店[へいてん]</b>：關店</li><li><b> ７時[しちじ]</b>：七點</li><li><b> 所[ところ]</b>：地方、店鋪</li></ul>,常用句：「〜によっては〜こともある」「〜場合もある」。<br><br>📝 語感補充：<br><ul><li><b>例外強調</b>：強調「並非全部，而是有一部分會出現這種情況」。</li><li><b>使用場景</b>：生活規範說明、旅遊指南、對不規則現象的描述。</li></ul>,❌ 誤解為普遍規則：此句型強調差異性
～により（中止形・書面語）,書面體的「〜によって」，用於正式文體中。<br><br>🧠 文法解析：<br><ul><li><div><b> 人[ひと]に より、</b></div><ul><li><div><b> 人[ひと]</b>：人。</div></li><li><div><b>に より</b>：によって的中止形，語氣正式。</div></li></ul></li><li><div><b> 考[かんが]え方[かた]は</b></div><ul><li><div><b> 考[かんが]え方[かた]</b>：想法。</div></li></ul></li><li><div><b> 色々[いろいろ]だ。</b></div><ul><li><div><b> 色々[いろいろ]</b>：各種各樣。</div></li></ul></li></ul>,人[ひと]に より、考[かんが]え方[かた]は 色々[いろいろ]だ。,因人而異，想法不同。<br><br>🧾 單字速記：<br><ul><li><b> 考[かんが]え方[かた]</b>：想法</li><li><b> 色々[いろいろ]</b>：各種各樣</li></ul>,公告、合約、新聞中常用表現。<br><br>📝 語感補充：<br><ul><li><b>簡潔與正式</b>：中止形「により」能讓句子更精簡，適合用於需要快速傳達事實或規律的正式文書。</li><li><b>使用場景</b>：學術定義、新聞報導、官方統計。</li></ul>,❌ 語體混用：書信敬語中勿與口語並列
～によりまして（丁寧形）,更禮貌敬語的「〜によって」，常用於公告、客服、敬語文。<br><br>🧠 文法解析：<br><ul><li><div><b> 内容[ないよう]に よりましては、</b></div><ul><li><div><b> 内容[ないよう]</b>：內容。</div></li><li><div><b>に よりまして</b>：によって的最高敬語。</div></li><li><div><b>は</b>：提示。</div></li></ul></li><li><div><b> 回答[かいとう]に 時間[じかん]が かかる</b></div><ul><li><div><b> 回答[かいとう]</b>：回覆。</div></li><li><div><b> 時間[じかん]</b>：時間。</div></li><li><div><b> かかる</b>：花費。</div></li></ul></li><li><div><b> 場合[ばあい]が ございます。</b></div><ul><li><div><b> 場合[ばあい]</b>：情況。</div></li><li><div><b> ございます</b>：ある的最高敬語。</div></li></ul></li></ul><br><br>📘 動詞補充（以「  かかる」為例 → <b>五段動詞</b>）<br><table><tbody><tr><td>變化</td><td>動詞普通形</td><td>說明</td></tr><tr><td>肯定（現在・未來）</td><td> かかる</td><td>花費</td></tr><tr><td>否定</td><td> かからない</td><td>不花費</td></tr><tr><td>過去</td><td> かかった</td><td>花費了</td></tr><tr><td>過去否定</td><td> かからなかった</td><td>沒花過</td></tr><tr><td>て形</td><td> かかって</td><td>花費（後）</td></tr><tr><td>意向形</td><td> かかろう</td><td>花費吧</td></tr></tbody></table>,内容[ないよう]に よりましては、回答[かいとう]に 時間[じかん]が かかる 場合[ばあい]が ございます。,視具體內容而定，回覆可能需要一些時間。<br><br>🧾 單字速記：<br><ul><li><b> 回答[かいとう]</b>：回覆</li><li><b> 時間[じかん]が かかる</b>：花時間</li><li><b> ございます</b>：有（敬語）</li></ul>,「〜ます」型搭配敬語表現：「ございます」「いたします」等。<br><br>📝 語感補充：<br><ul><li><b>服務業標準語</b>：在需要對客戶的不確定性進行說明時，使用此句型能展現出極佳的服務態度與專業感。</li><li><b>使用場景</b>：客戶服務自動回覆、網站免責聲明、官方諮詢窗口。</li></ul>,❌ 口語誤用：日常對話中過度使用會顯得過於官方
～によります（文末）,表示「取決於⋯」「視⋯而定」，句尾判斷常見。<br><br>🧠 文法解析：<br><ul><li><div><b> 単位[たんい]が 取[と]れるかどうかは、</b></div><ul><li><div><b> 単位[たんい]</b>：學分。</div></li><li><div><b> 取[と]れる</b>：動詞「取る」的可能形。</div></li><li><div><b>〜かどうか</b>：是否。</div></li></ul></li><li><div><b> 試験[しけん] 結果[けっか]に よります。</b></div><ul><li><div><b> 試験[しけん] 結果[けっか]</b>：考試結果。</div></li><li><div><b>に よります</b>：取決於。</div></li></ul></li></ul><br><br>📘 動詞補充（以「  取[と]る」為例 → <b>五段動詞</b>）<br><table><tbody><tr><td>變化</td><td>動詞普通形</td><td>說明</td></tr><tr><td>肯定（現在・未來）</td><td> 取[と]る</td><td>拿、取</td></tr><tr><td>否定</td><td> 取[と]らない</td><td>不拿</td></tr><tr><td>過去</td><td> 取[と]った</td><td>拿了</td></tr><tr><td>過去否定</td><td> 取[と]らなかった</td><td>沒拿過</td></tr><tr><td>て形</td><td> 取[と]って</td><td>拿（後）</td></tr><tr><td><b>可能形</b></td><td><b> 取[と]れる</b></td><td><b>能拿</b></td></tr></tbody></table>,単位[たんい]が 取[と]れるかどうかは、試験[しけん] 結果[けっか]に よります。,能否取得學分取決於考試結果。<br><br>🧾 單字速記：<br><ul><li><b> 單位[たんい]</b>：學分</li><li><b> 取[と]れる</b>：能拿/取得</li><li><b> 結果[けっか]</b>：結果</li></ul>,常與「かどうか」連用：條件判斷句。<br><br>📝 語感補充：<br><ul><li><b>文末判斷</b>：將「によって」放在句尾變成敬體「によります」，明確表達出「結果取決於前提條件」的邏輯關係。</li><li><b>使用場景</b>：學業諮詢、規則說明、條件判斷。</li></ul>,❌ 結構錯誤：× 試驗結果でよります（語法不通）
～かどうかによって（複合表現）,與「かどうか」結合，表示「是否⋯會影響⋯」的條件句。<br><br>🧠 文法解析：<br><ul><li><div><b> 當社[とうしゃ]では、</b></div><ul><li><div><b> 當社[とうしゃ]</b>：名詞，「本公司」。</div></li></ul></li><li><div><b> 英語[えいご]が 出来[でき]るか どうかに</b></div><ul><li><div><b> 英語[えいご]</b>：英文。</div></li><li><div><b> 出來[でき]る</b>：動詞，「會、能」。</div></li><li><div><b>〜か どうか</b>：是否。</div></li></li><li><div><b> よって、</b></div><ul><li><div><b>に よって</b>：表示依據。</div></li></ul></li><li><div><b> 給料[きゅうりょう]が 違[ちが]う。</b></div><ul><li><div><b> 給料[きゅうりょう]</b>：薪水。</div></li><li><div><b> 違[ちが]う</b>：不同。</div></li></ul></li></ul><br><br>📘 動詞補充（以「  出來[でき]る」為例 → <b>上一段動詞</b>）<br><table><tbody><tr><td>變化</td><td>動詞普通形</td><td>說明</td></tr><tr><td>肯定（現在・未來）</td><td> 出来る</td><td>會</td></tr><tr><td>否定</td><td> 出来ない</td><td>不會</td></tr><tr><td>過去</td><td> 出来た</td><td>會了</td></tr><tr><td>過去否定</td><td> 出来なかった</td><td>沒會過</td></tr><tr><td>て形</td><td> 出来て</td><td>會（後）</td></tr><tr><td>意向形</td><td> 出来よう</td><td>會吧</td></tr></tbody></table>,当社[とうしゃ]では、英語[えいご]が 出来[でき]るか どうかに よって、給料[きゅうりょう]が 違[ちが]う。,本公司會依是否會英語而決定薪水。<br><br>🧾 單字速記：<br><ul><li><b> 出来[でき]る</b>：會、能</li><li><b> 給料[きゅうりょう]</b>：薪水</li><li><b> 違[ちが]う</b>：不同</li></ul>,條件是否句常用「〜かどうか＋によって／に応じて」。<br><br>📝 語感補充：<br><ul><li><b>關鍵變項</b>：強調「是否具備某能力/屬性」是決定後項結果的關鍵標準。</li><li><b>使用場景</b>：公司制度說明、錄取標準、資格審核。</li></ul>,❌ 搭配錯誤：× かどうかで給料が違う（語氣較弱，非正式）
～にとっても,表示「對⋯來說、對⋯而言」，表主觀的立場或價值判斷。<br><br>🧠 文法解析：<br><ul><li><div><b> 彼[かれ]の 論文[ろんぶん]の テーマは、</b></div><ul><li><div><b> 論文[ろんぶん]</b>：論文。</div></li><li><div><b> テーマ</b>：主題。</div></li></ul></li><li><div><b> 學者[がくしゃ]でない</b></div><ul><li><div><b> 學者[がくしゃ]</b>：學者。</div></li><li><div><b>でない</b>：不是。</div></li></ul></li><li><div><b> 一般人[いっぱんじん]に とっても</b></div><ul><li><div><b> 一般人[いっぱんじん]</b>：一般人。</div></li></li><li><div><b>に とって</b>：對於。</div></li><li><div><b>も</b>：也。</div></li></ul></li><li><div><b> 面白[おもしろ]いものだ。</b></div><ul><li><div><b> 面白[おもしろ]い</b>：有趣的。</div></li><li><div><b>ものだ</b>：表示感慨或常理。</div></li></ul></li></ul>,彼[かれ]の 論文[ろんぶん]の テーマは、学者[がくしゃ]でない 一般人[いっぱんじん]に とっても 面白[おもしろ]いものだ。,他的論文主題，就算是對於非學者的一般人而言，也很有趣。<br><br>🧾 單字速記：<br><ul><li><b> 學者[がくしゃ]</b>：學者</li><li><b> 一般人[いっぱんじん]</b>：一般人</li><li><b> 面白[おもしろ]い</b>：有趣的</li></ul>,常搭配「大切だ」「必要だ」「大變だ」「難しい」等形容詞表主觀感受。<br><br>📝 語感補充：<br><ul><li><b>立場的擴展</b>：加上「も」隱含了「不僅對專業人士，對一般人來說也是...」的語氣，強調範圍的廣度。</li><li><b>使用場景</b>：書籍推薦、通俗科學、大眾文化評論。</li></ul>,❌ 誤與「のために」混用：語意不同，「のために」表示目的，「にとって」表示立場
～にとって,表示「對⋯來說、對⋯而言」，表主觀的立場或價值判斷。<br><br>🧠 文法解析：<br><ul><li><div><b> 漢字[かんじ]を 使[つか]わない 国[くに]の 人[ひと]に</b></div><ul><li><div><b> 漢字[かんじ]</b>：漢字。</div></li><li><div><b> 使[つか]う</b>：動詞。</div></li><li><div><b> 国[くに]</b>：國家。</div></li><li><div><b> 人[ひと]</b>：人。</div></li></ul></li><li><div><b> とって、</b></div><ul><li><div><b>に とって</b>：對於。</div></li></ul></li><li><div><b> 漢字[かんじ]を 覚[おぼ]えるのは</b></div><ul><li><div><b> 覚[おぼ]える</b>：動詞，「記住」。</div></li><li><div><b>のは</b>：名詞化。</div></li></ul></li><li><div><b> 大変[たいへん]な ことだ。</b></div><ul><li><div><b> 大変[たいへん]</b>：辛苦的。</div></li><li><div><b>ことだ</b>：是...。</div></li></ul></li></ul><br><br>📘 動詞補充（以「  覚[おぼ]える」為例 → <b>下一段動詞</b>）<br><table><tbody><tr><td>變化</td><td>動詞普通形</td><td>說明</td></tr><tr><td>肯定（現在・未來）</td><td> 覚[おぼ]える</td><td>記住</td></tr><tr><td>否定</td><td> 覚[おぼ]えない</td><td>不記住</td></tr><tr><td>過去</td><td> 覚[おぼ]えた</td><td>記住了</td></tr><tr><td>過去否定</td><td> 覚[おぼ]えなかった</td><td>沒記過</td></tr><tr><td>て形</td><td> 覚[おぼ]えて</td><td>記住（後）</td></tr><tr><td>意向形</td><td> 覚[おぼ]えよう</td><td>記住吧</td></tr></tbody></table>,漢字[かんじ]を 使[つか]わない 国[くに]の 人[ひと]に とって、漢字[かんじ]を 覚[おぼ]えるのは 大変[たいへん]なことだ。,對於不使用漢字的國家的人而言，記住漢字是一件辛苦的事。<br><br>🧾 單字速記：<br><ul><li><b> 国[くに]</b>：國家</li><li><b> 覚[おぼ]える</b>：記住</li><li><b> 大変[たいへん]</b>：辛苦</li></ul>,表達「學習者視角」「文化差異」常用。<br><br>📝 語感補充：<br><ul><li><b>立場的切換</b>：用來強調從某個特定群體的立場出發，所感受到的主觀事實。</li><li><b>使用場景</b>：跨文化討論、教學經驗分享、立場說明。</li></ul>,❌ 主詞誤用：× 私にとって、友達が必要だ（改為：友達は私にとって必要だ）
～にとって,表示「對⋯來說、對⋯而言」，表主觀的立場或價值判斷。<br><br>🧠 文法解析：<br><ul><li><div><b> この 指摘[してき]は、</b></div><ul><li><div><b> 指摘[してき]</b>：名詞，「指正、指導」。</div></li></ul></li><li><div><b> 私[わたし]に とって</b></div><ul><li><div><b>に とって</b>：對於。</div></li></ul></li><li><li><div><b> 大切[たいせつ]な 宝物[たからもの]です。</b></div><ul><li><div><b> 大切[たいせつ]</b>：重要的。</div></li><li><div><b> 宝物[たからもの]</b>：寶物。</div></li></ul></li></ul>,この 指摘[してき]は、私[わたし]に とって 大切[たいせつ]な 宝物[たからもの]です。,這項指導對我來說是重要的寶物。<br><br>🧾 單字速記：<br><ul><li><b> 指摘[してき]</b>：指正</li><li><b> 寶物[たからもの]</b>：寶物</li><li><b> 大切[たいせつ]</b>：重要</li></ul>,N にとって＋N／い形容詞／な形容詞／句子。<br><br>📝 語感補充：<br><ul><li><b>主觀價值的賦予</b>：強調這項事物在「我」的心中佔有特殊的、重要的地位。</li><li><b>使用場景</b>：表達感謝、總結心得、描述個人信仰或價值。</li></ul>,❌ 無備註內容
～にとっての（＋名詞）,修飾名詞的用法，表示「對⋯來說的⋯」。<br><br>🧠 文法解析：<br><ul><li><div><b> 会社[かいしゃ]に とっての</b></div><ul><li><div><b> 会社[かいしゃ]</b>：公司。</div></li><li><div><b>に とって</b>：對於。</div></li><li><div><b>の</b>：助詞，修飾後方的名詞。</div></li></ul></li><li><div><b> 危機[きき]を</b></div><ul><li><div><b> 危機[きき]</b>：名詞，「危機」。</div></li></ul></li><li><div><b> 予測[よそく] できれば、</b></div><ul><li><div><b> 予測[よそく]する</b>：預測。</div></li><li><div><b> 出来る</b>：能。</div></li><li><div><b>ば形</b>：できれば（如果能）。</div></li></ul></li><li><div><b> 倒産[とうさん]を 避[さ]けられる かもしれない。</b></div><ul><li><div><b> 倒産[とうさん]</b>：破產。</div></li><li><div><b> 避[さ]ける</b>：避免。</div></li><li><div><b>受身形/可能形</b>：避けられる（能避免）。</div></li><li><div><b>かもしれない</b>：也許。</div></li></ul></li></ul><br><br>📘 動詞補充（以「  予測[よそく]する」為例 → <b>サ變動詞</b>）<br><table><tbody><tr><td>變化</td><td>動詞普通形</td><td>說明</td></tr><tr><td>肯定（現在・未來）</td><td> 予測[よそく]する</td><td>預測</td></tr><tr><td>否定</td><td> 予測[よそく]しない</td><td>不預測</td></tr><tr><td>過去</td><td> 予測[よそく]した</td><td>預測了</td></tr><tr><td>過去否定</td><td> 予測[よそく]しなかった</td><td>沒預測過</td></tr><tr><td>て形</td><td> 予測[よそく]して</td><td>預測（後）</td></tr><tr><td>意向形</td><td> 予測[よそく]しよう</td><td>預測吧</td></tr></tbody></table>,会社[かいしゃ]に とっての 危機[きき]を 予測[よそく]できれば、倒産[とうさん]を 避[さ]けられるかもしれない。,如果能預測對公司而言的危機，也許就能避免倒閉。<br><br>🧾 單字速記：<br><ul><li><b> 会社[かいしゃ]</b>：公司</li><li><b> 危機[きき]</b>：危機</li><li><b> 予測[よそく]</b>：預測</li><li><b> 倒產[とうさん]</b>：破產</li></ul>,用作名詞修飾語時，需加「の」。<br><br>📝 語感補充：<br><ul><li><b>定語化</b>：將「對於...來說」這一關係直接轉化為名詞的限定條件，使語句更為學術、精煉。</li><li><b>使用場景</b>：經營策略分析、風險評估、社會心理描述。</li></ul>,❌ 忘記「の」：× 会社にとって危機（語法不完整）
～にとっては（語氣強調）,加強語氣的句型，表示「就⋯而言」。<br><br>🧠 文法解析：<br><ul><li><div><b> 現代人[げんだいじん]に とっては、</b></div><ul><li><div><b> 現代人[げんだいじん]</b>：名詞。</div></li><li><div><b>に とって</b>：對於。</div></li><li><div><b>は</b>：提示助詞，表示對比或強調。</div></li></ul></li><li><div><b> スマホは</b></div><ul><li><div><b> スマホ</b>：名詞。</div></li></ul></li><li><div><b> 必需品[ひつじゅひん]です。</b></div><ul><li><div><b> 必需品[ひつじゅひん]</b>：必需品。</div></li></ul></li></ul>,現代人[げんだいじん]に とっては、スマホは 必需品[ひつじゅひん]です。,對現代人來說，智慧型手機是必需品。<br><br>🧾 單字速記：<br><ul><li><b> 現代人[げんだいじん]</b>：現代人</li><li><b> スマホ</b>：手機</li><li><b> 必需品[ひつじゅひん]</b>：必需品</li></ul>,常與「は」搭配加強對比或強調語氣。<br><br>📝 語感補充：<br><ul><li><b>強調對象的特殊性</b>：加上「は」暗示了「對於其他人可能不一定，但對現代人來說絕對是...」的語氣。</li><li><b>使用場景</b>：大眾行為描述、社會現象分析、觀點陳述。</li></ul>,❌ 與主題助詞「は」重複：× にとってはは（多餘助詞）
〜に従って（にしたがって）,表示「根據⋯」、「遵照⋯」、「隨著⋯變化」，常用於表示指示、命令、規則、流程、時間、變化等依據。<br><br>🧠 文法解析：<br><ul><li><div><b> 必[かなら]ず</b></div><ul><li><div><b> 必[かなら]ず</b>：副詞，「務必、一定」。</div></li></ul></li><li><div><b> 取扱説明書[とりあつかいせつめいしょ]に</b></div><ul><li><div><b> 取扱説明書</b>：說明書。</div></li></ul></li><li><div><b> 従[したが]って、</b></div><ul><li><div><b>に 従[したが]って</b>：遵照、按照。</div></li></ul></li><li><div><b> 使用[しよう]して ください。</b></div><ul><li><div><b> 使用[しよう]する</b>：使用。</div></li></ul></li></ul><br><br>📘 動詞補充（以「  従[したが]う」為例 → <b>五段動詞</b>）<br><table><tbody><tr><td>變化</td><td>動詞普通形</td><td>說明</td></tr><tr><td>肯定（現在・未來）</td><td> 従[したが]う</td><td>遵照</td></tr><tr><td>否定</td><td> 従[したが]わない</td><td>不遵照</td></tr><tr><td>過去</td><td> 従[したが]った</td><td>遵照了</td></tr><tr><td>過去否定</td><td> 従[したが]わなかった</td><td>沒遵照過</td></tr><tr><td><b>て形</b></td><td><b> 従[したが]って</b></td><td><b>遵照（後）</b></td></tr><tr><td>意向形</td><td> 従[したが]おう</td><td>遵照吧</td></tr></tbody></table>,必[かなら]ず 取扱説明書[とりあつかいせつめいしょ]に 従[したが]って、使用[しよう]して ください。,請務必要按照說明書使用。<br><br>🧾 單字速記：<br><ul><li><b> 必[かなら]ず</b>：務必</li><li><b> 取扱説明書[とりあつかいせつめいしょ]</b>：說明書</li><li><b> 従[したが]う</b>：遵照</li><li><b> 使用[しよう]する</b>：使用</li></ul>,表示行動依照某項規則、指示、標準進行。<br><br>📝 語感補充：<br><ul><li><b>規範性</b>：強調動作的執行必須嚴格對應於某個基準或指示。</li><li><b>使用場景</b>：操作指南、交通規則、指示命令。</li></ul>,❌ 動作主語不明確：句子主詞需明確，否則會語意模糊。
〜に従って（にしたがって）,表示「根據⋯」、「遵照⋯」、「隨著⋯變化」，常用於表示指示、命令、規則、流程、時間、變化等依據。<br><br>🧠 文法解析：<br><ul><li><div><b> 上司[じょうし]の 指示[しじ]に</b></div><ul><li><div><b> 上司[じょうし]</b>：上司。</div></li><li><div><b> 指示[しじ]</b>：指示。</div></li></ul></li><li><div><b> 従[したが]って</b></div><ul><li><div><b>に 従[したが]って</b>：遵照。</div></li></ul></li><li><div><b> やったのに、</b></div><ul><li><div><b> やる</b>：動詞，「做」。</div></li><li><div><b>た形</b>：やった。</div></li><li><div><b>のに</b>：明明...卻。</div></li></ul></li><li><div><b> 失敗[しっぱい]して しまいました。</b></div><ul><li><div><b> 失敗[しっぱい]する</b>：失敗。</div></li><li><div><b>〜て しまう</b>：遺憾、完成。</div></li></ul></li></ul><br><br>📘 動詞補充（以「  やる」為例 → <b>五段動詞</b>）<br><table><tbody><tr><td>變化</td><td>動詞普通形</td><td>說明</td></tr><tr><td>肯定（現在・未來）</td><td> やる</td><td>做</td></tr><tr><td>否定</td><td> やらない</td><td>不做</td></tr><tr><td>過去</td><td> やった</td><td>做了</td></tr><tr><td>過去否定</td><td> やらなかった</td><td>沒做過</td></tr><tr><td>て形</td><td> やって</td><td>做（後）</td></tr><tr><td>意向形</td><td> やろう</td><td>做吧</td></tr></tbody></table>,上司[じょうし]の 指示[しじ]に 従[したが]って やったのに、失敗[しっぱい]して しまいました。,我遵照上司的指示來做，但卻失敗了。<br><br>🧾 單字速記：<br><ul><li><b> 指示[しじ]</b>：指示</li><li><b> 従[したが]う</b>：遵照</li><li><b> 失敗[しっぱい]する</b>：失敗</li></ul>,可搭配「命令」「指示」「規則」「規定」「流れ」「習慣」等名詞。<br><br>📝 語感補充：<br><ul><li><b>執行與結果</b>：當動作嚴格遵照他人指示卻得到意外結果時，常與「のに」搭配表達懊惱。</li><li><b>使用場景</b>：工作回報、錯誤分析、反思。</li></ul>,❌ 誤用「にしたがい」：後接命令句時應使用「に従って」，不是「にしたがい」
〜とともに,根據上下文有兩種主要用法：①「隨著⋯」表示並行變化，②「和⋯一起」表示共同動作。<br><br>🧠 文法解析：<br><ul><li><div><b> 年[とし]を 取[と]ると</b></div><ul><li><div><b> 年[とし]</b>：年紀。</div></li><li><div><b> 取[と]る</b>：動詞，「增長、拿」。</div></li><li><div><b>と</b>：接續助詞，表示假定或隨之而來的變化。</div></li></ul></li><li><div><b> とともに、</b></div><ul><li><div><b>と ともに</b>：隨著...、與此同時。</div></li></ul></li><li><div><b> 体力[たいりょく]が</b></div><ul><li><div><b> 体力[たいりょく]</b>：體力。</div></li></ul></li><li><div><b> 落[お]ちて きた。</b></div><ul><li><div><b> 落[お]ちる</b>：下降。</div></li><li><div><b>〜て くる</b>：表示狀態的變化開始並持續。</div></li></ul></li></ul><br><br>📘 動詞補充（以「  取[と]る」為例 → <b>五段動詞</b>）<br><table><tbody><tr><td>變化</td><td>動詞普通形</td><td>說明</td></tr><tr><td>肯定（現在・未來）</td><td> 取[と]る</td><td>拿、取</td></tr><tr><td>否定</td><td> 取[と]らない</td><td>不拿</td></tr><tr><td>過去</td><td> 取[と]った</td><td>拿了</td></tr><tr><td>過去否定</td><td> 取[と]らなかった</td><td>沒拿過</td></tr><tr><td>て形</td><td> 取[と]って</td><td>拿（後）</td></tr><tr><td>意向形</td><td> 取[と]ろう</td><td>拿吧</td></tr></tbody></table>,年[とし]を 取[と]ると ともに、体力[たいりょく]が 落[お]ちて きた。,隨著年紀增長，體力也逐漸下降。<br><br>🧾 單字速記：<br><ul><li><b> 年[とし]を 取[と]る</b>：增長年紀</li><li><b> とともに</b>：隨著</li><li><b> 体力[たいりょく]</b>：體力</li><li><b> 落[お]ちる</b>：下降</li></ul>,和「〜につれて／〜にしたがって」類似，但「〜とともに」可用於更書面或多義場景。<br><br>📝 語感補充：<br><ul><li><b>同時性變化</b>：強調兩者之間的同步發展關係。不僅可以用於自然老化，也可用於社會、經濟趨勢。</li><li><b>使用場景</b>：醫學講座、社會分析、個人感悟。</li></ul>,❌ 誤用作人際關係時不變化語感：需注意語意是否合理
〜とともに,根據上下文有兩種主要用法：①「隨著⋯」表示並行變化，②「和⋯一起」表示共同動作。<br><br>🧠 文法解析：<br><ul><li><div><b> 留学生[りゅうがくせい]と</b></div><ul><li><div><b> 留学生[りゅうがくせい]</b>：名詞。</div></li></ul></li><li><div><b> とともに、</b></div><ul><li><div><b>と ともに</b>：與...一起。</div></li></ul></li><li><div><b> 國際[こくさい] セミナーに</b></div><ul><li><div><b> セミナー</b>：研討會。</div></li></ul></li><li><div><b> 參加[さんか] した。</b></div><ul><li><div><b> 參加[さんか]する</b>：動詞，「參加」。</div></li></ul></ul><br><br>📘 動詞補充（以「  參加[さんか]する」為例 → <b>サ變動詞</b>）<br><table><tbody><tr><td>變化</td><td>動詞普通形</td><td>說明</td></tr><tr><td>肯定（現在・未來）</td><td> 參加[さんか]する</td><td>參加</td></tr><tr><td>否定</td><td> 參加[さんか]しない</td><td>不參加</td></tr><tr><td>過去</td><td> 參加[さんか]した</td><td>參加了</td></tr><tr><td>過去否定</td><td> 參加[さんか]しなかった</td><td>沒參加過</td></tr><tr><td>て形</td><td> 參加[さんか]して</td><td>參加（後）</td></tr><tr><td>意向形</td><td> 參加[さんか]しよう</td><td>參加吧</td></tr></table>,留学生[りゅう学せい]と ともに、国際[こくさい]セミナーに 参加[さんか]した。,和留學生一起參加國際研討會。<br><br>🧾 單字速記：<br><ul><li><b> 留学生[りゅうがくせい]</b>：留學生</li><li><b> 國際[こくさい]</b>：國際</li><li><b> セミナー</b>：研討會</li><li><b> 參加[さんか]する</b>：參加</li></ul>,表示「與⋯一起」從事某動作，語氣比「〜と一緒に」正式。<br><br>📝 語感補充：<br><ul><li><b>正式伴隨</b>：常用於描述群體行動、官方活動或較為嚴肅的共同參與。</li><li><b>使用場景</b>：新聞報導、公司公告、活動紀錄。</li></ul>,❌ 忘記「に」接續：× セミナーに参加したともに（語法錯誤）
〜と共[とも]に,① 表示「同時進行」：某事發生的同時，也做了另一件事。② 表示「與⋯共同」：與某人一起做某事（較正式）。<br><br>🧠 文法解析：<br><ul><li><div><b> 飛行機[ひこうき]の チケットと</b></div><ul><li><div><b> 飛行機</b>：飛機。</div></li><li><div><b> チケット</b>：票。</div></li></ul></li><li><div><b> 共[とも]に、</b></div><ul><li><div><b>と 共[とも]に</b>：與此同時。</div></li></ul></li><li><div><b> ホテルの 予約[よやく]も</b></div><ul><li><div><b> 予約[よやく]</b>：預約。</div></li><li><div><b>も</b>：也。</div></li></ul></li><li><div><b> しました。</b></div><ul><li><div><b>する</b>：做。</div></li></ul></li></ul><br><br>📘 動詞補充（以「  する」為例 → <b>サ變動詞</b>）<br><table><tbody><tr><td>變化</td><td>動詞普通形</td><td>說明</td></tr><tr><td>肯定（現在・未來）</td><td>する</td><td>做</td></tr><tr><td>否定</td><td>しない</td><td>不做</td></tr><tr><td>過去</td><td>した</td><td>做了</td></tr><tr><td>過去否定</td><td>しなかった</td><td>沒做過</td></tr><tr><td>て形</td><td>して</td><td>做（後）</td></tr><tr><td>意向形</td><td>しよう</td><td>做吧</td></tr></tbody></table>,飛行機[ひこうき]の チケットと 共[とも]に、ホテルの 予約[よやく]も しました。,我訂飛機票的同時，也預定了飯店。<br><br>🧾 單字速記：<br><ul><li><b> 飛行機[ひこうき]</b>：飛機</li><li><b> 予約[よやく]</b>：預訂</li><li><b> 共[とも]に</b>：與此同時</li></ul>,書面用語，文語氣強，常見於新聞、報告、商業日文。<br><br>📝 語感補充：<br><ul><li><b>事項的併行</b>：強調多個行動在同一時期或同一計畫下共同執行。</li><li><b>使用場景</b>：行程規劃、項目回報、資源整合說明。</li></ul>,❌ 語氣不搭口語對話：口語場景建議使用「〜といっしょに」
〜と共[とも]に,① 表示「同時進行」：某事發生的同時，也做了另一件事。② 表示「與⋯共同」：與某人一起做某事（較正式）。<br><br>🧠 文法解析：<br><ul><li><div><b> 部長[ぶちょう]と</b></div><ul><li><div><b> 部長[ぶちょう]</b>：名詞，「部長」。</div></li></ul></li><li><div><b> 共[とも]に、</b></div><ul><li><div><b>と 共[とも]に</b>：與...共同。</div></li></ul></li><li><div><b> テレビ局[きょく]の</b></div><ul><li><div><b>局[きょく]</b>：局。</div></li></ul></li><li><div><b> インタビューを 受[う]けた。</b></div><ul><li><div><b> 受[う]ける</b>：動詞，「接受」。</div></li></ul></li></ul><br><br>📘 動詞補充（以「  受[う]ける」為例 → <b>下一段動詞</b>）<br><table><tbody><tr><td>變化</td><td>動詞普通形</td><td>說明</td></tr><tr><td>肯定（現在・未來）</td><td> 受[う]ける</td><td>接受</td></tr><tr><td>否定</td><td> 受[う]けない</td><td>不接受</td></tr><tr><td>過去</td><td> 受[う]けた</td><td>接受了</td></tr><tr><td>過去否定</td><td> 受[う]けなかった</td><td>沒接受過</td></tr><tr><td>て形</td><td> 受[う]けて</td><td>接受（後）</td></tr><tr><td>意向形</td><td> 受[う]けよう</td><td>接受吧</td></tr></tbody></table>,部長[ぶちょう]と 共[とも]に、テレビ局[きょく]の インタビューを 受[う]けた。,我和部長一起接受電視台的訪問。<br><br>🧾 單字速記：<br><ul><li><b> 部長[ぶちょう]</b>：部長</li><li><b> テレビ局[きょく]</b>：電視台</li><li><b> インタビュー</b>：採訪</li><li><b> 受[う]ける</b>：接受</li></ul>,和「〜といっしょに」意思相近，但語氣更正式。<br><br>📝 語感補充：<br><ul><li><b>正式伴隨</b>：常用於描述群體行動、官方活動或較為嚴肅的共同參與。</li><li><b>使用場景</b>：新聞報導、公司公告、活動紀錄。</li></ul>,❌ 搭配錯誤：× 共にと（助詞順序錯誤）
〜として,用於表示某人或某物「作為⋯」的身分、立場、角色或功能。常用於說明行動的出發點或身份背景。<br><br>🧠 文法解析：<br><ul><li><div><b> ロペスさんは</b></div><ul><li><div><b> ロペスさん</b>：名詞，「羅培茲先生」。</div></li></ul></li><li><div><b> 以前[いぜん]に 一度[いちど]、</b></div><ul><li><div><b> 以前[いぜん]</b>：以前。</div></li><li><div><b> 一度[いちど]</b>：一次。</div></li></ul></li><li><div><b> 留学生[りゅうがくせい]として</b></div><ul><li><div><b> 留学生</b>：名詞。</div></li><li><div><b>として</b>：作為。</div></li></ul></li><li><div><b> 日本[にほん]に 行[い]ったことが 有[あ]る。</b></div><ul><li><div><b> 行[い]ったことが 有[あ]る</b>：表示經驗，「去過」。</div></li></ul></li></ul><br><br>📘 動詞補充（以「  行[い]く」為例 → <b>五段動詞</b>）<br><table><tbody><tr><td>變化</td><td>動詞普通形</td><td>說明</td></tr><tr><td>肯定（現在・未來）</td><td> 行[い]く</td><td>去</td></tr><tr><td>否定</td><td> 行[い]かない</td><td>不去</td></tr><tr><td>過去</td><td> 行[い]った</td><td>去了</td></tr><tr><td>過去否定</td><td> 行[い]かなかった</td><td>沒去過</td></tr><tr><td>て形</td><td> 行[い]って</td><td>去（後）</td></tr><tr><td>意向形</td><td> 行[い]こう</td><td>去吧</td></tr></tbody></table>,ロペスさんは 以前[いぜん]に 一度[いちど]、留学生[りゅう가쿠세이]として 日本[에혼]に 行[이]ったことが 有[あ]る。,羅培茲先生以前曾經以留學生的身分去過日本。<br><br>🧾 單字速記：<br><ul><li><b> 留学生[りゅうがくせい]</b>：留學生</li><li><b> 日本[にほん]</b>：日本</li><li><b> 有[あ]る</b>：有</li></ul>,用法：名詞＋として，語氣正式，也常見於口語。<br><br>📝 語感補充：<br><ul><li><b>身份的界定</b>：明確指出行為人當時的社會角色或功能背景。</li><li><b>使用場景</b>：經歷介紹、自我介紹、正式紀錄。</li></ul>,❌ 不可接續形容詞（如「大きいとして」錯誤）
〜として,用於表示某人或某物「作為⋯」的身分、立場、角色或功能。常用於說明行動的出發點或身份背景。<br><br>🧠 文法解析：<br><ul><li><div><b> ユーチューバーとして、</b></div><ul><li><div><b> ユーチューバー</b>：YouTuber。</div></li><li><div><b>として</b>：作為。</div></li></ul></li><li><div><b> 生計[せいけい]を 立[た]てていくのは</b></div><ul><li><div><b> 生計[せいけい]を 立[た]てる</b>：維持生計。</div></li><li><div><b>〜ていく</b>：表示動作持續進行。</div></li><li><div><b>のは</b>：名詞化。</div></li></ul></li><li><div><b> 大変[たいへん]な ことです。</b></div><ul><li><div><b> 大変[たいへん]</b>：辛苦的。</div></li></ul></li></ul><br><br>📘 動詞補充（以「  立[た]てる」為例 → <b>下一段動詞</b>）<br><table><tbody><tr><td>變化</td><td>動詞普通形</td><td>說明</td></tr><tr><td>肯定（現在・未來）</td><td> 立[た]てる</td><td>建立、維持</td></tr><tr><td>否定</td><td> 立[た]てない</td><td>不建立</td></tr><tr><td>過去</td><td> 立[た]てた</td><td>建立了</td></tr><tr><td>過去否定</td><td> 立[た]てなかった</td><td>沒建立過</td></tr><tr><td><b>て形</b></td><td><b> 立[た]てて</b></td><td><b>建立（後）</b></td></tr><tr><td>意向形</td><td> 立[た]てよう</td><td>建立吧</td></tr></tbody></table>,ユーチューバーとして、 生計[せいけい]を 立[た]てていくのは 大変[たいへん]なことです。,要靠當個 YouTuber 吃飯，是非常辛苦的。<br><br>🧾 單字速記：<br><ul><li><b> 生計[せいけい]を 立[た]てる</b>：維持生計</li><li><b> 大変[たいへん]</b>：辛苦</li></ul>,常與「働く」「活動する」「暮らす」等動詞連用。<br><br>📝 語感補充：<br><ul><li><b>職業角色的強調</b>：將某種特殊的身份（如 YouTuber）作為討論的核心前提。</li><li><b>使用場景</b>：職涯規劃、生活經驗談、社會現象討論。</li></ul>,❌ 與「〜としては」混用（後者強調立場對比）
〜として,用於表示某人或某物「作為⋯」的身分、立場、角色 or 功能。常用於說明行動的出發點或身份背景。<br><br>🧠 文法解析：<br><ul><li><div><b> 彼女[かのじょ]は</b></div><ul><li><div><b> 彼女[かのじょ]</b>：名詞，「她」。</div></li></ul></li><li><div><b> 芸能人[げいのうじん]としても、</b></div><ul><li><div><b> 芸能人[げいのうじん]</b>：藝人。</div></li><li><div><b>として</b>：作為。</div></li><li><div><b>も</b>：也。</div></li></ul></li><li><div><b> 実業家[じつぎょうか]としても</b></div><ul><li><div><b> 実業家[じつぎょうか]</b>：企業家。</div></li></ul></li><li><div><b> 成功[せいこう] している。</b></div><ul><li><div><b> 成功[せいこう]する</b>：動詞。</div></li></ul></li></ul><br><br>📘 動詞補充（以「  成功[せいこう]する」為例 → <b>サ變動詞</b>）<br><table><tbody><tr><td>變化</td><td>動詞普通形</td><td>說明</td></tr><tr><td>肯定（現在・未來）</td><td> 成功[せいこう]する</td><td>成功</td></tr><tr><td>否定</td><td> 成功[せいこう]しない</td><td>不成功</td></tr><tr><td>過去</td><td> 成功[せいこう]した</td><td>成功了</td></tr><tr><td>過去否定</td><td> 成功[せいこう]しなかった</td><td>沒成功過</td></tr><tr><td>て形</td><td> 成功[せいこう]して</td><td>成功（後）</td></tr><tr><td>意向形</td><td> 成功[せいこう]しよう</td><td>成功吧</td></tr></tbody></table>,彼女[かのじょ]は 芸能人[げいのうじん]としても、実業家[じつぎょうか]としても 成功[せいこう]している。,她作為藝人也很成功，作為企業家更是成功。<br><br>🧾 單字速記：<br><ul><li><b> 芸能人[げいのうじん]</b>：藝人</li><li><b> 実業家[じつぎょうか]</b>：企業家</li><li><b> 成功[せいこう]する</b>：成功</li></ul>,可與「としても」結合，表示並列、列舉或對比語氣。<br><br>📝 語感補充：<br><ul><li><b>多重身份的肯定</b>：強調某人在多個不同的專業領域或身份中皆表現卓越。</li><li><b>使用場景</b>：人物傳記、人物介紹、專業評價。</li></ul>,❌ 語尾動詞需對應語氣，避免變形誤用