Pattern,Explanation,Example Sentence,Example Translation,Additional Notes,Pitfalls
〜について,表示「關於～的內容」，後接說明、調查、討論等動作。常用於引導演講、發表或說明的題目。<br><br>用法：名詞＋について, 今回[こんかい]は、そのエピソードの 中[なか]で 話[はな]さなかった 駅伝[えきでん]について 話[はな]したいと 思[おも]います。,這次，我想聊聊在那集中沒提到的驛站接力賽。,「について」是最常用的「關於」表達，適用於口語和書面語。比「に関して」更口語化。,❌ 與「にとって」混淆：× 駅伝にとって話したい（にとって表示「對...而言」）
〜とは,用來對名詞、詞語、概念進行說明，相當於「所謂的⋯是⋯」。結尾常搭配「〜のことだ」或「〜という意味だ」。<br><br>用法：名詞＋とは,まず 駅伝[えきでん]とは 何[なに]かっていうことなんですが、 駅伝[えきでん]はチームで 走[はし]る 長[なが]い 距離[きょり]のレースのことです。,首先，所謂的驛站接力賽，是指團隊長距離跑步競賽。,「とは」用於給出定義或解釋。是說明文或介紹中常用的開場方式。,❌ 語序錯誤：× 何かとは駅伝（應先說主題再定義）
〜によって,表示依據、手段、原因或判斷基準。常搭配「違う」、「変わる」等動詞，表示「依...不同而異」。<br><br>用法：名詞＋によって,その 走[はし]る 距離[きょり]は 大会[たいかい]によって 違[ちが]うんですけど...,跑步的距離會依大會不同而有所差異...,「によって」有多種用法：①依據不同 ②手段方法 ③原因理由。本句使用「依據不同」的用法。,❌ 與「によると」混淆：によると表示「根據...（情報來源）」
〜に対[たい]して,一種用法是表示對照性質的差異；另一種是表示針對某對象採取行動或態度。<br><br>用法：名詞＋に対して, 馬[うま]を 使[つか]って 大[おお]きな 都市[とし]から 地方[ちほう]に対[たい]して 情報[じょうほう]を 伝達[でんたつ]していました。,用馬從大都市對地方傳達資訊。,「に対して」可表示：①對照比較 ②針對某對象。注意與「について」的區別。,❌ 與「について」混淆：について是「關於」，に対して是「針對/相對於」
〜として,用於表示某人或某物「作為⋯」的身分、立場、角色或功能，常用於說明行動的出發點或身分背景。<br><br>用法：名詞＋として, 箱根駅伝[はこねえきでん]というのが 正月[しょうがつ]的[てき] 風物詩[ふうぶつし]として 知[し]られています。,箱根驛站接力賽是以正月風物詩之姿被大眾所熟知。,「として」強調身分或角色。常見搭配：「〜として有名」「〜として知られている」。,❌ 與「にとって」混淆：にとって是「對...而言」，として是「作為...」
〜らしい,表示根據傳聞或外部資訊進行的客觀推測，相當於「聽說」。是較為客觀的推測表達。<br><br>用法：普通形＋らしい, 駅伝[えきでん]は 日本[にほん]で 始[はじ]まった 陸上競技[りくじょうきょうぎ]らしいんですけど...,驛站接力賽聽說是始於日本的田徑競技...,「らしい」表示客觀推測，根據外部資訊判斷。比「ようだ」更強調資訊來源。,❌ 與「みたい」混淆：らしい較客觀，みたい較主觀
〜みたい,表示主觀的推測、直覺上的感覺，或是用來做比喻。比「らしい」更口語化。<br><br>用法：普通形＋みたい, 英語[えいご]だと road relay...っていう 風[ふう]に 言[い]うみたいです。,在英文裡似乎被稱為 Road Relay。,「みたい」是口語化的推測表達，也可用於比喻（像...一樣）。,❌ 書面語場合不宜：正式場合應用「ようだ」
〜に関[かん]して,是「〜について」的書面、正式用法，常見於報告、公文或正式說明主題的場合。<br><br>用法：名詞＋に関して,こちらの 箱根駅伝[はこねえきでん]に関[かん]しては、まあ 2日[ふつか] 開催[かいさい]されるんですが...,關於這個箱根驛站接力賽，是舉辦兩天的...,「に関して」比「について」正式，適用於書面語、演講、報告。,❌ 過度口語場合使用：日常對話用「について」更自然
〜ために,可以表示行動的「目的」或是客觀描述「原因、理由」。<br><br>用法：動詞辭書形/名詞の＋ために, 若[わか]い 大学生[だいがくせい]が 苦[くる]しい 顔[かお]をして、チームのために 走[はし]る...,年輕的大學生帶著痛苦的表情為了團隊而奔跑...,「ために」表目的時，主語前後一致；表原因時，後句常是非意志性結果。,❌ 目的與原因混淆：目的用意志動詞，原因用非意志性結果
〜意向形[いこうけい]＋と思[おも]う,表示說話者的意圖、計畫或內心的打算。是表達個人意志的常用句型。<br><br>用法：動詞意向形＋と思う/と思っている,スクリプトを 皆[みな]さんに 届[とど]けようと 思[おも]っています。,我打算將原文劇本提供給大家。,「〜ようと思う」表示剛決定的意圖，「〜ようと思っている」表示持續的計劃。,❌ 時態混淆：思う（剛決定）vs 思っている（持續計劃）
〜上[あ]がる,表示動作自然完成、結果自然發生，或是在話題中「出現」。是複合動詞的一種。<br><br>用法：動詞連用形＋上がる, 駅伝[えきでん]が 強[つよ]い 大学[だいがく]がいつも 話題[わだい]に 上[あ]がるんですけど...,實力強勁的大學總是會成為話題焦點...,「上がる」作為複合動詞後綴，可表示：①完成 ②出現 ③上升。,❌ 與「上げる」混淆：上がる（自動詞）vs 上げる（他動詞）
〜かな,表示說話者內心的推測、疑問或自言自語，語感較柔和，常用於自問或期待。<br><br>用法：普通形＋かな, 今年[ことし]はどの 学校[がっこう]が 1位[いちい]になるかな...,今年哪間學校會拿到第一名呢...,「かな」是柔和的疑問表達，常用於自言自語或向親近的人提問。男性也可用「かなあ」。,❌ 正式場合不宜：正式場合應用「でしょうか」
〜ということだ,用來對詞語進行定義、解釋內容，或是表示傳聞的情報。口語中常用「〜っていうこと」。<br><br>用法：普通形＋ということだ,なのでお 正月[しょうがつ]を 象徴[しょうちょう]するもののひとつということですね。,所以說（驛站接力賽）就是象徵正月的其中一個事物呢。,「ということだ」可表示：①定義說明 ②傳聞。口語中縮略為「っていうことだ」「ってことだ」。,❌ 與「そうだ」混淆：ということだ可用於定義，そうだ僅表傳聞
